1,цензура,цензура,NOUN,_,Animacy=Inan|Case=Nom|Gender=Fem|Number=Sing,_,_,_,@si1984f-word#@si1984f#0.45#0.809
2,есть,быть,AUX,_,Aspect=Imp|Mood=Ind|Number=Sing|Person=3|Tense=Pres|VerbForm=Fin|Voice=Act,_,_,_,@si1984f-word#@si1984f#0.809#1.168
3,?,?,PUNCT,_,_,_,_,_,@si1984f-word#@si1984f#1.168#1.528
4,вырезали,вырезать,VERB,_,Aspect=Perf|Mood=Ind|Number=Plur|Tense=Past|VerbForm=Fin|Voice=Act,_,_,_,@si1984f-word#@si1984f#1.92#2.218
5,ли,ли,PART,_,_,_,_,_,@si1984f-word#@si1984f#2.218#2.516
6,когда-нибудь,когда-нибудь,ADV,_,Degree=Pos,_,_,_,@si1984f-word#@si1984f#2.516#2.814
7,хоть,хоть,SCONJ,_,_,_,_,_,@si1984f-word#@si1984f#2.814#3.112
8,какой-то,какой-то,DET,_,Case=Acc|Gender=Masc|Number=Sing,_,_,_,@si1984f-word#@si1984f#3.112#3.41
9,номер,номер,NOUN,_,Animacy=Inan|Case=Acc|Gender=Masc|Number=Sing,_,_,_,@si1984f-word#@si1984f#3.41#3.708
10,?,?,PUNCT,_,_,_,_,_,@si1984f-word#@si1984f#3.708#4.011
11,ну,ну,PART,_,_,_,_,_,@si1984f-word#@si1984f#28.691#28.94
12,какие,какой,DET,_,Case=Nom|Number=Plur,_,_,_,@si1984f-word#@si1984f#28.94#29.189
13,слова,слово,NOUN,_,Animacy=Inan|Case=Nom|Gender=Neut|Number=Plur,_,_,_,@si1984f-word#@si1984f#29.189#29.438
14,?,?,PUNCT,_,_,_,_,_,@si1984f-word#@si1984f#29.438#29.687
15,да,да,PART,_,_,_,_,_,@si1984f-word#@si1984f#31.401#32.029
16,угу,угу,INTJ,_,_,_,_,_,@si1984f-word#@si1984f#34.607#35.062
17,ну,ну,PART,_,_,_,_,_,@si1984f-word#@si1984f#35.737#35.821
18,э...,э,INTJ,_,_,_,_,_,@si1984f-word#@si1984f#35.821#35.905
19,смягчение,смягчение,NOUN,_,Animacy=Inan|Case=Nom|Gender=Neut|Number=Sing,_,_,_,@si1984f-word#@si1984f#54.037#54.324
20,/,/,PUNCT,_,_,_,_,_,@si1984f-word#@si1984f#54.324#54.611
21,да,да,PART,_,_,_,_,_,@si1984f-word#@si1984f#54.611#54.898
22,да,да,PART,_,_,_,_,_,@si1984f-word#@si1984f#54.898#55.185
23,да,да,PART,_,_,_,_,_,@si1984f-word#@si1984f#55.185#55.476
24,а,а,CCONJ,_,_,_,_,_,@si1984f-word#@si1984f#74.0#74.181
25,были,быть,AUX,_,Aspect=Imp|Mood=Ind|Number=Plur|Tense=Past|VerbForm=Fin|Voice=Act,_,_,_,@si1984f-word#@si1984f#74.181#74.362
26,моменты,момент,NOUN,_,Animacy=Inan|Case=Nom|Gender=Masc|Number=Plur,_,_,_,@si1984f-word#@si1984f#74.362#74.543
27,что,что,SCONJ,_,_,_,_,_,@si1984f-word#@si1984f#74.543#74.724
28,вы,вы,PRON,_,Case=Nom|Number=Plur|Person=2,_,_,_,@si1984f-word#@si1984f#74.724#74.905
29,переозвучивали,переозвучивать,VERB,_,Aspect=Imp|Mood=Ind|Number=Plur|Tense=Past|VerbForm=Fin|Voice=Act,_,_,_,@si1984f-word#@si1984f#74.905#75.086
30,?,?,PUNCT,_,_,_,_,_,@si1984f-word#@si1984f#75.086#75.27
31,когда,когда,SCONJ,_,_,_,_,_,@si1984f-word#@si1984f#111.354#111.669
32,вы,вы,PRON,_,Case=Nom|Number=Plur|Person=2,_,_,_,@si1984f-word#@si1984f#111.669#111.984
33,начинали,начинать,VERB,_,Aspect=Imp|Mood=Ind|Number=Plur|Tense=Past|VerbForm=Fin|Voice=Act,_,_,_,@si1984f-word#@si1984f#111.984#112.299
34,были,быть,AUX,_,Aspect=Imp|Mood=Ind|Number=Plur|Tense=Past|VerbForm=Fin|Voice=Act,_,_,_,@si1984f-word#@si1984f#112.299#112.614
35,темы,тема,NOUN,_,Animacy=Inan|Case=Nom|Gender=Fem|Number=Plur,_,_,_,@si1984f-word#@si1984f#112.614#112.929
36,на,на,ADP,_,_,_,_,_,@si1984f-word#@si1984f#112.929#113.244
37,которые,который,PRON,_,Case=Acc,_,_,_,@si1984f-word#@si1984f#113.244#113.559
38,вы,вы,PRON,_,Case=Nom|Number=Plur|Person=2,_,_,_,@si1984f-word#@si1984f#113.559#113.874
39,с,с,ADP,_,_,_,_,_,@si1984f-word#@si1984f#113.874#114.189
40,радостью,радость,NOUN,_,Animacy=Inan|Case=Ins|Gender=Fem|Number=Sing,_,_,_,@si1984f-word#@si1984f#114.189#114.504
41,шутили,шутить,VERB,_,Aspect=Imp|Mood=Ind|Number=Plur|Tense=Past|VerbForm=Fin|Voice=Act,_,_,_,@si1984f-word#@si1984f#114.504#114.819
42,спокойно,спокойно,ADV,_,Degree=Pos,_,_,_,@si1984f-word#@si1984f#114.819#115.134
43,я,я,PRON,_,Case=Nom|Number=Sing|Person=1,_,_,_,@si1984f-word#@si1984f#115.134#115.449
44,не,не,PART,_,_,_,_,_,@si1984f-word#@si1984f#115.449#115.764
45,знаю,знать,VERB,_,Aspect=Imp|Mood=Ind|Number=Sing|Person=1|Tense=Pres|VerbForm=Fin|Voice=Act,_,_,_,@si1984f-word#@si1984f#115.764#116.079
46,эээ,эээ,INTJ,_,_,_,_,_,@si1984f-word#@si1984f#116.079#116.394
47,ну,ну,PART,_,_,_,_,_,@si1984f-word#@si1984f#116.394#116.709
48,это,это,PRON,_,Animacy=Inan|Case=Nom|Gender=Neut|Number=Sing,_,_,_,@si1984f-word#@si1984f#116.709#117.024
49,не,не,PART,_,_,_,_,_,@si1984f-word#@si1984f#117.024#117.339
50,в,в,ADP,_,_,_,_,_,@si1984f-word#@si1984f#117.339#117.654
51,самом,самый,DET,_,Case=Loc|Degree=Pos|Gender=Neut|Number=Sing,_,_,_,@si1984f-word#@si1984f#117.654#117.969
52,начале,начало,NOUN,_,Animacy=Inan|Case=Loc|Gender=Neut|Number=Sing,_,_,_,@si1984f-word#@si1984f#117.969#118.284
53,было,быть,AUX,_,Aspect=Imp|Gender=Neut|Mood=Ind|Number=Sing|Tense=Past|VerbForm=Fin|Voice=Act,_,_,_,@si1984f-word#@si1984f#118.284#118.599
54,но,но,CCONJ,_,_,_,_,_,@si1984f-word#@si1984f#118.599#118.914
55,мой,мой,DET,_,Case=Nom|Gender=Masc|Number=Sing,_,_,_,@si1984f-word#@si1984f#118.914#119.229
56,обожаемый,обожать,ADJ,_,Case=Nom|Degree=Pos|Gender=Masc|Number=Sing,_,_,_,@si1984f-word#@si1984f#119.229#119.544
57,номер,номер,NOUN,_,Animacy=Inan|Case=Nom|Gender=Masc|Number=Sing,_,_,_,@si1984f-word#@si1984f#119.544#119.859
58,со,с,ADP,_,_,_,_,_,@si1984f-word#@si1984f#119.859#120.174
59,свечками,свечка,NOUN,_,Animacy=Inan|Case=Ins|Gender=Fem|Number=Plur,_,_,_,@si1984f-word#@si1984f#120.174#120.489
60,/,/,PUNCT,_,_,_,_,_,@si1984f-word#@si1984f#120.489#120.804
61,на,на,ADP,_,_,_,_,_,@si1984f-word#@si1984f#120.804#121.119
62,пасху,пасха,NOUN,_,Animacy=Inan|Case=Acc|Gender=Fem|Number=Sing,_,_,_,@si1984f-word#@si1984f#121.119#121.434
63,да,да,PART,_,_,_,_,_,@si1984f-word#@si1984f#121.434#121.749
64,[смеется],[смеется],PUNCT,_,_,_,_,_,@si1984f-word#@si1984f#121.749#122.064
65,a,a,INTJ,_,_,_,_,_,@si1984f-word#@si1984f#123.957#124.19
66,/,/,PUNCT,_,_,_,_,_,@si1984f-word#@si1984f#124.19#124.423
67,то ,то,CCONJ,_,_,_,_,_,@si1984f-word#@si1984f#124.423#124.656
69,оскорбление,оскорбление,NOUN,_,Animacy=Inan|Case=Nom|Gender=Neut|Number=Sing,_,_,_,@si1984f-word#@si1984f#124.889#125.122
70,чувств,чувство,NOUN,_,Animacy=Inan|Case=Gen|Gender=Neut|Number=Plur,_,_,_,@si1984f-word#@si1984f#125.122#125.355
71,верующих,веровать,NOUN,_,Animacy=Anim|Case=Gen|Gender=Masc|Number=Plur,_,_,_,@si1984f-word#@si1984f#125.355#125.589
72,самое,самый,DET,_,Case=Nom|Degree=Pos|Gender=Neut|Number=Sing,_,_,_,@si1984f-word#@si1984f#133.278#133.716
73,смешное,смешной,ADJ,_,Case=Nom|Degree=Pos|Gender=Neut|Number=Sing,_,_,_,@si1984f-word#@si1984f#133.716#134.154
74,что,что,PRON,_,Case=Nom,_,_,_,@si1984f-word#@si1984f#134.154#134.592
75,высмеивается,высмеивать,VERB,_,Aspect=Imp|Mood=Ind|Number=Sing|Person=3|Tense=Pres|VerbForm=Fin|Voice=Pass,_,_,_,@si1984f-word#@si1984f#134.592#135.03
76,как,как,ADV,_,Degree=Pos,_,_,_,@si1984f-word#@si1984f#135.03#135.468
77,раз,раз,NOUN,_,Animacy=Inan|Case=Acc|Gender=Masc|Number=Sing,_,_,_,@si1984f-word#@si1984f#135.468#135.906
78,чувство,чувство,NOUN,_,Animacy=Inan|Case=Nom|Gender=Neut|Number=Sing,_,_,_,@si1984f-word#@si1984f#135.906#136.344
79,не,не,PART,_,_,_,_,_,@si1984f-word#@si1984f#136.344#136.782
80,не,не,PART,_,_,_,_,_,@si1984f-word#@si1984f#136.782#137.22
81,прям,прям,ADV,_,Degree=Pos,_,_,_,@si1984f-word#@si1984f#137.22#137.658
82,религиозных,религиозный,ADJ,_,Case=Gen|Degree=Pos|Number=Plur,_,_,_,@si1984f-word#@si1984f#137.658#138.096
83,/,/,PUNCT,_,_,_,_,_,@si1984f-word#@si1984f#138.096#138.534
84,людей,люди,NOUN,_,Animacy=Anim|Case=Gen|Number=Plur,_,_,_,@si1984f-word#@si1984f#138.534#138.974
85,карикатурные,карикатурный,ADJ,_,Case=Nom|Degree=Pos|Number=Plur,_,_,_,@si1984f-word#@si1984f#141.244#141.801
86,да,да,PART,_,_,_,_,_,@si1984f-word#@si1984f#141.801#142.358
87,да,да,PART,_,_,_,_,_,@si1984f-word#@si1984f#144.06#144.174
88,а,а,CCONJ,_,_,_,_,_,@si1984f-word#@si1984f#169.078#169.365
89,что,что,PRON,_,Case=Nom,_,_,_,@si1984f-word#@si1984f#169.365#169.652
90,за,за,ADP,_,_,_,_,_,@si1984f-word#@si1984f#169.652#169.939
91,проблема,проблема,NOUN,_,Animacy=Inan|Case=Nom|Gender=Fem|Number=Sing,_,_,_,@si1984f-word#@si1984f#169.939#170.226
92,вам,вы,PRON,_,Case=Dat|Number=Plur|Person=2,_,_,_,@si1984f-word#@si1984f#170.226#170.513
93,звонят,звонить,VERB,_,Aspect=Imp|Mood=Ind|Number=Plur|Person=3|Tense=Pres|VerbForm=Fin|Voice=Act,_,_,_,@si1984f-word#@si1984f#170.513#170.8
94,и,и,CCONJ,_,_,_,_,_,@si1984f-word#@si1984f#170.8#171.087
95,говорят,говорить,VERB,_,Aspect=Imp|Mood=Ind|Number=Plur|Person=3|Tense=Pres|VerbForm=Fin|Voice=Act,_,_,_,@si1984f-word#@si1984f#171.087#171.374
96,что,что,SCONJ,_,_,_,_,_,@si1984f-word#@si1984f#171.374#171.661
97,вы,вы,PRON,_,Case=Nom|Number=Plur|Person=2,_,_,_,@si1984f-word#@si1984f#171.661#171.948
98,сделали,сделать,VERB,_,Aspect=Perf|Mood=Ind|Number=Plur|Tense=Past|VerbForm=Fin|Voice=Act,_,_,_,@si1984f-word#@si1984f#171.948#172.235
99,или,или,CCONJ,_,_,_,_,_,@si1984f-word#@si1984f#172.235#172.522
100,пишут,писать,VERB,_,Aspect=Imp|Mood=Ind|Number=Plur|Person=3|Tense=Pres|VerbForm=Fin|Voice=Act,_,_,_,@si1984f-word#@si1984f#172.522#172.812
101,о,о,INTJ,_,_,_,_,_,@si1984f-word#@si1984f#173.946#174.192
102,боже,боже,NOUN,_,Animacy=Anim|Case=Voc|Gender=Masc|Number=Sing,_,_,_,@si1984f-word#@si1984f#174.192#174.438
103,а,а,CCONJ,_,_,_,_,_,@si1984f-word#@si1984f#184.036#184.265
104,в,в,ADP,_,_,_,_,_,@si1984f-word#@si1984f#184.265#184.494
105,следующий,следующий,ADJ,_,Case=Acc|Degree=Pos|Gender=Masc|Number=Sing,_,_,_,@si1984f-word#@si1984f#184.494#184.723
106,раз,раз,NOUN,_,Animacy=Inan|Case=Acc|Gender=Masc|Number=Sing,_,_,_,@si1984f-word#@si1984f#184.723#184.952
107,вы,вы,PRON,_,Case=Nom|Number=Plur|Person=2,_,_,_,@si1984f-word#@si1984f#184.952#185.181
108,просто,просто,ADV,_,Degree=Pos,_,_,_,@si1984f-word#@si1984f#185.181#185.41
109,уже,уже,ADV,_,Degree=Pos,_,_,_,@si1984f-word#@si1984f#185.41#185.639
110,не,не,PART,_,_,_,_,_,@si1984f-word#@si1984f#185.639#185.868
111,будете,быть,AUX,_,Aspect=Imp|Mood=Ind|Number=Plur|Person=2|Tense=Fut|VerbForm=Fin|Voice=Act,_,_,_,@si1984f-word#@si1984f#185.868#186.097
112,шутить,шутить,VERB,_,Aspect=Imp|VerbForm=Inf|Voice=Act,_,_,_,@si1984f-word#@si1984f#186.097#186.326
113,на,на,ADP,_,_,_,_,_,@si1984f-word#@si1984f#186.326#186.555
114,тему,тема,NOUN,_,Animacy=Inan|Case=Acc|Gender=Fem|Number=Sing,_,_,_,@si1984f-word#@si1984f#186.555#186.784
115,религии,религия,NOUN,_,Animacy=Inan|Case=Gen|Gender=Fem|Number=Sing,_,_,_,@si1984f-word#@si1984f#186.784#187.019
116,отчаянные,отчаянный,ADJ,_,Case=Nom|Degree=Pos|Number=Plur,_,_,_,@si1984f-word#@si1984f#189.962#190.447
117,девчонки,девчонка,NOUN,_,Animacy=Anim|Case=Nom|Gender=Fem|Number=Plur,_,_,_,@si1984f-word#@si1984f#190.447#190.933
118,ну,ну,PART,_,_,_,_,_,@si1984f-word#@si1984f#196.871#197.046
119,вот,вот,PART,_,_,_,_,_,@si1984f-word#@si1984f#197.046#197.221
120,угу,угу,INTJ,_,_,_,_,_,@si1984f-word#@si1984f#212.532#212.955
121,а,а,CCONJ,_,_,_,_,_,@si1984f-word#@si1984f#237.446#237.807
122,такое,такой,DET,_,Case=Acc|Gender=Neut|Number=Sing,_,_,_,@si1984f-word#@si1984f#237.807#238.168
123,что,что,SCONJ,_,_,_,_,_,@si1984f-word#@si1984f#238.168#238.529
124,вырезали,вырезать,VERB,_,Aspect=Imp|Mood=Ind|Number=Plur|Tense=Past|VerbForm=Fin|Voice=Act,_,_,_,@si1984f-word#@si1984f#238.529#238.89
125,по,по,ADP,_,_,_,_,_,@si1984f-word#@si1984f#238.89#239.251
126,политическим,политический,ADJ,_,Case=Dat|Degree=Pos|Number=Plur,_,_,_,@si1984f-word#@si1984f#239.251#239.612
127,соображениям,соображение,NOUN,_,Animacy=Inan|Case=Dat|Gender=Neut|Number=Plur,_,_,_,@si1984f-word#@si1984f#239.612#239.978
128,ну,ну,PART,_,_,_,_,_,@si1984f-word#@si1984f#241.957#242.223
129,а,а,CCONJ,_,_,_,_,_,@si1984f-word#@si1984f#242.223#242.489
130,в,в,ADP,_,_,_,_,_,@si1984f-word#@si1984f#242.489#242.755
131,плане,план,NOUN,_,Animacy=Inan|Case=Loc|Gender=Masc|Number=Sing,_,_,_,@si1984f-word#@si1984f#242.755#243.021
132,ааа,ааа,INTJ,_,_,_,_,_,@si1984f-word#@si1984f#243.775#244.035
133,национального...,национального,ADJ,_,|Case=Gen|Gender=Fem|Number=Sing,_,_,_,@si1984f-word#@si1984f#244.845#245.263
134,после,после,ADP,_,_,_,_,_,@si1984f-word#@si1984f#248.978#249.235
135,истории,история,NOUN,_,Animacy=Inan|Case=Gen|Gender=Fem|Number=Sing,_,_,_,@si1984f-word#@si1984f#249.235#249.492
136,с,с,ADP,_,_,_,_,_,@si1984f-word#@si1984f#249.492#249.749
137,ингушами,ингуш,NOUN,_,Animacy=anim|Case=Ins|Gender=Masc|Number=Plur,_,_,_,@si1984f-word#@si1984f#249.749#250.006
138,?,?,PUNCT,_,_,_,_,_,@si1984f-word#@si1984f#250.006#250.265
139,ммм,ммм,INTJ,_,_,_,_,_,@si1984f-word#@si1984f#343.613#344.167
140,конечно,конечно,ADV,_,Degree=Pos,_,_,_,@vev1984f-word#@vev1984f#4.19#4.785
141,/,/,PUNCT,_,_,_,_,_,@vev1984f-word#@vev1984f#4.785#5.38
142,конечно,конечно,ADV,_,Degree=Pos,_,_,_,@vev1984f-word#@vev1984f#5.38#5.975
143,и,и,CCONJ,_,_,_,_,_,@vev1984f-word#@vev1984f#6.04#6.319
144,щас,щас,ADV,_,Degree=Pos,_,_,_,@vev1984f-word#@vev1984f#6.319#6.598
145,цензура,цензура,NOUN,_,Animacy=Inan|Case=Nom|Gender=Fem|Number=Sing,_,_,_,@vev1984f-word#@vev1984f#6.598#6.877
146,вообще,вообще,ADV,_,Degree=Pos,_,_,_,@vev1984f-word#@vev1984f#6.877#7.156
147,очень,очень,ADV,_,Degree=Pos,_,_,_,@vev1984f-word#@vev1984f#7.156#7.435
148,жесткая,жесткий,ADJ,_,Case=Nom|Degree=Pos|Gender=Fem|Number=Sing,_,_,_,@vev1984f-word#@vev1984f#7.435#7.714
149,/,/,PUNCT,_,_,_,_,_,@vev1984f-word#@vev1984f#7.714#7.993
150,мы,мы,PRON,_,Case=Nom|Number=Plur|Person=1,_,_,_,@vev1984f-word#@vev1984f#7.993#8.272
151,абсолютно,абсолютный,ADV,_,Degree=Pos,_,_,_,@vev1984f-word#@vev1984f#8.272#8.551
152,аполитичны,аполитичный,ADJ,_,Case=Acc|Gender=Masc|Number=Plur,_,_,_,@vev1984f-word#@vev1984f#8.551#8.83
153,но,но,CCONJ,_,_,_,_,_,@vev1984f-word#@vev1984f#8.83#9.109
154,в,в,ADP,_,_,_,_,_,@vev1984f-word#@vev1984f#9.109#9.388
155,какой-то,какой-то,DET,_,Case=Acc|Gender=Masc|Number=Sing,_,_,_,@vev1984f-word#@vev1984f#9.388#9.667
156,момент,момент,NOUN,_,Animacy=Inan|Case=Acc|Gender=Masc|Number=Sing,_,_,_,@vev1984f-word#@vev1984f#9.667#9.946
157,такой,такой,DET,_,Case=Nom|Gender=Masc|Number=Sing,_,_,_,@vev1984f-word#@vev1984f#9.946#10.225
158,знаешь,знать,VERB,_,Aspect=Imp|Mood=Ind|Number=Sing|Person=2|Tense=Pres|VerbForm=Fin|Voice=Act,_,_,_,@vev1984f-word#@vev1984f#10.225#10.504
159,ну,ну,PART,_,_,_,_,_,@vev1984f-word#@vev1984f#10.504#10.783
160,как,как,ADV,_,Degree=Pos,_,_,_,@vev1984f-word#@vev1984f#10.783#11.062
161,бы,бы,PART,_,_,_,_,_,@vev1984f-word#@vev1984f#11.062#11.341
162,мы,мы,PRON,_,Case=Nom|Number=Plur|Person=1,_,_,_,@vev1984f-word#@vev1984f#11.341#11.62
163,как,как,ADV,_,Degree=Pos,_,_,_,@vev1984f-word#@vev1984f#11.62#11.899
164,бы,бы,PART,_,_,_,_,_,@vev1984f-word#@vev1984f#11.899#12.178
165,стали,стать,VERB,_,Aspect=Perf|Mood=Ind|Number=Plur|Tense=Past|VerbForm=Fin|Voice=Act,_,_,_,@vev1984f-word#@vev1984f#12.178#12.457
166,шутить,шутить,VERB,_,Aspect=Imp|VerbForm=Inf|Voice=Act,_,_,_,@vev1984f-word#@vev1984f#12.457#12.736
167,про,про,ADP,_,_,_,_,_,@vev1984f-word#@vev1984f#12.736#13.015
168,конкретных,конкретный,ADJ,_,Case=Acc|Degree=Pos|Number=Plur,_,_,_,@vev1984f-word#@vev1984f#13.015#13.294
169,персонажей,персонаж,NOUN,_,Animacy=Anim|Case=Acc|Gender=Masc|Number=Plur,_,_,_,@vev1984f-word#@vev1984f#13.294#13.573
170,либо,либо,CCONJ,_,_,_,_,_,@vev1984f-word#@vev1984f#13.573#13.852
171,допустим,допустить,VERB,_,Aspect=Perf|Mood=Ind|Number=Plur|Person=1|Tense=Fut|VerbForm=Fin|Voice=Act,_,_,_,@vev1984f-word#@vev1984f#13.852#14.131
172,там,там,ADV,_,Degree=Pos,_,_,_,@vev1984f-word#@vev1984f#14.131#14.41
173,делать,делать,VERB,_,Aspect=Imp|VerbForm=Inf|Voice=Act,_,_,_,@vev1984f-word#@vev1984f#14.41#14.689
174,какие-то,какой-то,DET,_,Case=Acc|Number=Plur,_,_,_,@vev1984f-word#@vev1984f#14.689#14.968
175,карикатуры,карикатура,NOUN,_,Animacy=Inan|Case=Acc|Gender=Fem|Number=Plur,_,_,_,@vev1984f-word#@vev1984f#14.968#15.263
176,иии...,и,CCONJ,_,_,_,_,_,@vev1984f-word#@vev1984f#16.09#17.216
177,вопрос,вопрос,NOUN,_,Animacy=Inan|Case=Nom|Gender=Masc|Number=Sing,_,_,_,@vev1984f-word#@vev1984f#18.661#19.096
178,встал,встать,VERB,_,Aspect=Perf|Gender=Masc|Mood=Ind|Number=Sing|Tense=Past|VerbForm=Fin|Voice=Act,_,_,_,@vev1984f-word#@vev1984f#19.096#19.531
179,в,в,ADP,_,_,_,_,_,@vev1984f-word#@vev1984f#19.531#19.966
180,какой-то,какой-то,DET,_,Case=Acc|Gender=Masc|Number=Sing,_,_,_,@vev1984f-word#@vev1984f#19.966#20.401
181,момент,момент,NOUN,_,Animacy=Inan|Case=Acc|Gender=Masc|Number=Sing,_,_,_,@vev1984f-word#@vev1984f#20.401#20.836
182,остренько,остренько,ADV,_,Degree=Pos,_,_,_,@vev1984f-word#@vev1984f#20.836#21.271
183,что,что,SCONJ,_,_,_,_,_,@vev1984f-word#@vev1984f#21.271#21.706
184,надо,надо,ADV,_,Degree=Pos,_,_,_,@vev1984f-word#@vev1984f#21.706#22.141
185,быть,быть,AUX,_,Aspect=Imp|VerbForm=Inf|Voice=Act,_,_,_,@vev1984f-word#@vev1984f#22.141#22.576
186,/,/,PUNCT,_,_,_,_,_,@vev1984f-word#@vev1984f#22.576#23.011
187,повнимательней,внимательный,ADJ,_,Degree=Cmp,_,_,_,@vev1984f-word#@vev1984f#23.011#23.446
188,/,/,PUNCT,_,_,_,_,_,@vev1984f-word#@vev1984f#23.446#23.881
189,нельзя,нельзя,ADV,_,Degree=Pos,_,_,_,@vev1984f-word#@vev1984f#23.881#24.316
190,говорить,говорить,VERB,_,Aspect=Imp|VerbForm=Inf|Voice=Act,_,_,_,@vev1984f-word#@vev1984f#24.316#24.751
191,вот,вот,PART,_,_,_,_,_,@vev1984f-word#@vev1984f#24.751#25.186
192,такие,такой,DET,_,Case=Acc|Number=Plur,_,_,_,@vev1984f-word#@vev1984f#25.186#25.621
193,слова,слово,NOUN,_,Animacy=Inan|Case=Acc|Gender=Neut|Number=Plur,_,_,_,@vev1984f-word#@vev1984f#25.621#26.056
194,потому,потому,ADV,_,Degree=Pos,_,_,_,@vev1984f-word#@vev1984f#26.056#26.491
195,что,что,SCONJ,_,_,_,_,_,@vev1984f-word#@vev1984f#26.491#26.926
196,это,это,PRON,_,Animacy=Inan|Case=Nom|Gender=Neut|Number=Sing,_,_,_,@vev1984f-word#@vev1984f#26.926#27.361
197,цензура,цензура,NOUN,_,Animacy=Inan|Case=Nom|Gender=Fem|Number=Sing,_,_,_,@vev1984f-word#@vev1984f#27.361#27.796
198,/,/,PUNCT,_,_,_,_,_,@vev1984f-word#@vev1984f#27.796#28.231
199,нельзя,нельзя,ADV,_,Degree=Pos,_,_,_,@vev1984f-word#@vev1984f#28.231#28.671
200,я,я,PRON,_,Case=Nom|Number=Sing|Person=1,_,_,_,@vev1984f-word#@vev1984f#30.533#30.752
201,могу,мочь,VERB,_,Aspect=Imp|Mood=Ind|Number=Sing|Person=1|Tense=Pres|VerbForm=Fin|Voice=Act,_,_,_,@vev1984f-word#@vev1984f#30.752#30.971
202,сказать,сказать,VERB,_,Aspect=Perf|VerbForm=Inf|Voice=Act,_,_,_,@vev1984f-word#@vev1984f#30.971#31.19
203,?,?,PUNCT,_,_,_,_,_,@vev1984f-word#@vev1984f#31.19#31.41
204,ну,ну,PART,_,_,_,_,_,@vev1984f-word#@vev1984f#32.109#32.403
205,раньше,рано,ADV,_,Degree=Cmp,_,_,_,@vev1984f-word#@vev1984f#32.403#32.697
206,мы,мы,PRON,_,Case=Nom|Number=Plur|Person=1,_,_,_,@vev1984f-word#@vev1984f#32.697#32.991
207,могли,мочь,VERB,_,Aspect=Imp|Mood=Ind|Number=Plur|Tense=Past|VerbForm=Fin|Voice=Act,_,_,_,@vev1984f-word#@vev1984f#32.991#33.285
208,сказать,сказать,VERB,_,Aspect=Perf|VerbForm=Inf|Voice=Act,_,_,_,@vev1984f-word#@vev1984f#33.285#33.579
209,слово,слово,NOUN,_,Animacy=Inan|Case=Acc|Gender=Neut|Number=Sing,_,_,_,@vev1984f-word#@vev1984f#33.579#33.873
210,сука,сука,NOUN,_,Animacy=Anim|Case=Nom|Gender=Fem|Number=Sing,_,_,_,@vev1984f-word#@vev1984f#33.873#34.167
211,сейчас,сейчас,ADV,_,Degree=Pos,_,_,_,@vev1984f-word#@vev1984f#34.167#34.461
212,нет,нет,PART,_,_,_,_,_,@vev1984f-word#@vev1984f#34.461#34.761
213,жопа,жопа,NOUN,_,Animacy=Inan|Case=Acc|Gender=Masc|Number=Sing,_,_,_,@vev1984f-word#@vev1984f#35.731#36.197
214,мы,мы,PRON,_,Case=Nom|Number=Plur|Person=1,_,_,_,@vev1984f-word#@vev1984f#36.197#36.663
215,могли,мочь,VERB,_,Aspect=Imp|Mood=Ind|Number=Plur|Tense=Past|VerbForm=Fin|Voice=Act,_,_,_,@vev1984f-word#@vev1984f#36.663#37.129
216,сказать,сказать,VERB,_,Aspect=Perf|VerbForm=Inf|Voice=Act,_,_,_,@vev1984f-word#@vev1984f#37.129#37.595
217,и,и,CCONJ,_,_,_,_,_,@vev1984f-word#@vev1984f#37.595#38.061
218,иногда,иногда,ADV,_,Degree=Pos,_,_,_,@vev1984f-word#@vev1984f#38.061#38.527
219,знаешь,знать,VERB,_,Aspect=Imp|Mood=Ind|Number=Sing|Person=2|Tense=Pres|VerbForm=Fin|Voice=Act,_,_,_,@vev1984f-word#@vev1984f#38.527#38.993
220,в,в,ADP,_,_,_,_,_,@vev1984f-word#@vev1984f#38.993#39.459
221,рамках,рамка,NOUN,_,Animacy=Inan|Case=Loc|Gender=Fem|Number=Plur,_,_,_,@vev1984f-word#@vev1984f#39.459#39.925
222,точечного,точечный,ADJ,_,Case=Gen|Degree=Pos|Gender=Masc|Number=Sing,_,_,_,@vev1984f-word#@vev1984f#39.925#40.391
223,юмора,юмор,NOUN,_,Animacy=Inan|Case=Gen|Gender=Masc|Number=Sing,_,_,_,@vev1984f-word#@vev1984f#40.391#40.861
224,сказать,сказать,VERB,_,Aspect=Perf|VerbForm=Inf|Voice=Act,_,_,_,@vev1984f-word#@vev1984f#41.054#41.434
225,пошел,пойти,VERB,_,Aspect=Perf|Gender=Masc|Mood=Ind|Number=Sing|Tense=Past|VerbForm=Fin|Voice=Act,_,_,_,@vev1984f-word#@vev1984f#41.434#41.814
226,в,в,ADP,_,_,_,_,_,@vev1984f-word#@vev1984f#41.814#42.194
227,жопу,жопа,NOUN,_,Animacy=Inan|Case=Acc|Gender=Fem|Number=Sing,_,_,_,@vev1984f-word#@vev1984f#42.194#42.574
228,это,этот,PRON,_,Animacy=Inan|Case=Acc|Gender=Neut|Number=Sing,_,_,_,@vev1984f-word#@vev1984f#42.574#42.954
229,прям,прям,ADV,_,Degree=Pos,_,_,_,@vev1984f-word#@vev1984f#42.954#43.334
230,идеально,идеально,ADV,_,Degree=Pos,_,_,_,@vev1984f-word#@vev1984f#43.334#43.714
231,вот,вот,PART,_,_,_,_,_,@vev1984f-word#@vev1984f#43.714#44.099
232,здесь,здесь,ADV,_,Degree=Pos,_,_,_,@vev1984f-word#@vev1984f#44.785#45.01
233,и,и,CCONJ,_,_,_,_,_,@vev1984f-word#@vev1984f#45.01#45.235
234,сейчас,сейчас,ADV,_,Degree=Pos,_,_,_,@vev1984f-word#@vev1984f#45.235#45.462
235,но,но,CCONJ,_,_,_,_,_,@vev1984f-word#@vev1984f#45.841#46.223
236,не,не,PART,_,_,_,_,_,@vev1984f-word#@vev1984f#46.223#46.605
237,можем,мочь,VERB,_,Aspect=Imp|Mood=Ind|Number=Plur|Person=1|Tense=Pres|VerbForm=Fin|Voice=Act,_,_,_,@vev1984f-word#@vev1984f#46.605#46.987
238,мы,мы,PRON,_,Case=Nom|Number=Plur|Person=1,_,_,_,@vev1984f-word#@vev1984f#46.987#47.369
239,так,так,ADV,_,Degree=Pos,_,_,_,@vev1984f-word#@vev1984f#47.369#47.751
240,сказать,сказать,VERB,_,Aspect=Perf|VerbForm=Inf|Voice=Act,_,_,_,@vev1984f-word#@vev1984f#47.751#48.133
241,поэтому,поэтому,ADV,_,Degree=Pos,_,_,_,@vev1984f-word#@vev1984f#48.133#48.515
242,мы,мы,PRON,_,Case=Nom|Number=Plur|Person=1,_,_,_,@vev1984f-word#@vev1984f#48.515#48.897
243,теперь,теперь,ADV,_,Degree=Pos,_,_,_,@vev1984f-word#@vev1984f#48.897#49.279
244,говорим,говорить,VERB,_,Aspect=Imp|Mood=Ind|Number=Plur|Person=1|Tense=Pres|VerbForm=Fin|Voice=Act,_,_,_,@vev1984f-word#@vev1984f#49.279#49.661
245,что,что,SCONJ,_,_,_,_,_,@vev1984f-word#@vev1984f#49.661#50.043
246,/,/,PUNCT,_,_,_,_,_,@vev1984f-word#@vev1984f#50.043#50.425
247,да,да,CCONJ,_,_,_,_,_,@vev1984f-word#@vev1984f#50.425#50.807
248,пошел,пойти,VERB,_,Aspect=Perf|Gender=Masc|Mood=Ind|Number=Sing|Tense=Past|VerbForm=Fin|Voice=Act,_,_,_,@vev1984f-word#@vev1984f#50.807#51.189
249,ты,ты,PRON,_,Case=Nom|Number=Sing|Person=2,_,_,_,@vev1984f-word#@vev1984f#51.189#51.571
250,#смеется#,#смеется#,_,_,_,_,_,_,@vev1984f-word#@vev1984f#51.571#51.953
251,видишь,видеть,VERB,_,Aspect=Imp|Mood=Ind|Number=Sing|Person=2|Tense=Pres|VerbForm=Fin|Voice=Act,_,_,_,@vev1984f-word#@vev1984f#51.953#52.335
252,сразу,сразу,ADV,_,Degree=Pos,_,_,_,@vev1984f-word#@vev1984f#52.335#52.717
253,#пищит#,#пищит#,_,_,_,_,_,_,@vev1984f-word#@vev1984f#52.717#53.099
254,такое,такой,DET,_,Case=Nom|Gender=Neut|Number=Sing,_,_,_,@vev1984f-word#@vev1984f#53.099#53.481
255,прям,прям,ADV,_,Degree=Pos,_,_,_,@vev1984f-word#@vev1984f#53.481#53.866
256,да,да,CCONJ,_,_,_,_,_,@vev1984f-word#@vev1984f#55.612#56.022
257,иии,и,CCONJ,_,_,_,_,_,@vev1984f-word#@vev1984f#56.022#56.432
258,когда,когда,SCONJ,_,_,_,_,_,@vev1984f-word#@vev1984f#56.432#56.842
259,на,на,ADP,_,_,_,_,_,@vev1984f-word#@vev1984f#56.842#57.252
260,репетициях,репетиция,NOUN,_,Animacy=Inan|Case=Loc|Gender=Fem|Number=Plur,_,_,_,@vev1984f-word#@vev1984f#57.252#57.662
261,вставляется,вставлять,VERB,_,Aspect=Imp|Mood=Ind|Number=Sing|Person=3|Tense=Pres|VerbForm=Fin|Voice=Pass,_,_,_,@vev1984f-word#@vev1984f#57.662#58.072
262,где-то,где-то,ADV,_,Degree=Pos,_,_,_,@vev1984f-word#@vev1984f#58.072#58.482
263,монтирок,монтирок,NOUN,_,Animacy=Inan|Case=Gen|Gender=Fem|Number=Sing,_,_,_,@vev1984f-word#@vev1984f#58.482#58.892
264,и,и,CCONJ,_,_,_,_,_,@vev1984f-word#@vev1984f#58.892#59.302
265,это,это,PRON,_,Animacy=Inan|Case=Nom|Gender=Neut|Number=Sing,_,_,_,@vev1984f-word#@vev1984f#59.302#59.712
266,так,так,ADV,_,Degree=Pos,_,_,_,@vev1984f-word#@vev1984f#59.712#60.122
267,сладенько,сладенько,ADV,_,Degree=Pos,_,_,_,@vev1984f-word#@vev1984f#60.122#60.532
268,выглядит,выглядеть,VERB,_,Aspect=Imp|Mood=Ind|Number=Sing|Person=3|Tense=Pres|VerbForm=Fin|Voice=Act,_,_,_,@vev1984f-word#@vev1984f#60.532#60.942
269,и,и,CCONJ,_,_,_,_,_,@vev1984f-word#@vev1984f#60.942#61.352
270,так,так,ADV,_,Degree=Pos,_,_,_,@vev1984f-word#@vev1984f#61.352#61.762
271,это,это,PRON,_,Animacy=Inan|Case=Nom|Gender=Neut|Number=Sing,_,_,_,@vev1984f-word#@vev1984f#61.762#62.172
272,вкусно,вкусно,ADV,_,Degree=Pos,_,_,_,@vev1984f-word#@vev1984f#62.172#62.582
273,все,все,PRON,_,Animacy=Inan|Case=Nom|Gender=Neut|Number=Sing,_,_,_,@vev1984f-word#@vev1984f#62.582#62.992
274,звучит,звучать,VERB,_,Aspect=Imp|Mood=Ind|Number=Sing|Person=3|Tense=Pres|VerbForm=Fin|Voice=Act,_,_,_,@vev1984f-word#@vev1984f#62.992#63.402
275,и,и,CCONJ,_,_,_,_,_,@vev1984f-word#@vev1984f#63.402#63.812
276,/,/,PUNCT,_,_,_,_,_,@vev1984f-word#@vev1984f#63.812#64.222
277,прям,прям,ADV,_,Degree=Pos,_,_,_,@vev1984f-word#@vev1984f#64.222#64.632
278,ай,ай,INTJ,_,_,_,_,_,@vev1984f-word#@vev1984f#64.632#65.042
279,как,как,ADV,_,Degree=Pos,_,_,_,@vev1984f-word#@vev1984f#65.042#65.452
280,обидно,обидный,ADJ,_,Degree=Pos|Gender=Neut|Number=Sing|Variant=Short,_,_,_,@vev1984f-word#@vev1984f#65.452#65.862
281,что,что,SCONJ,_,_,_,_,_,@vev1984f-word#@vev1984f#65.862#66.272
282,ты,ты,PRON,_,Case=Nom|Number=Sing|Person=2,_,_,_,@vev1984f-word#@vev1984f#66.272#66.682
283,все,все,PRON,_,Animacy=Inan|Case=Nom|Gender=Neut|Number=Sing,_,_,_,@vev1984f-word#@vev1984f#66.682#67.092
284,равно,равный,ADJ,_,Degree=Pos|Gender=Neut|Number=Sing|Variant=Short,_,_,_,@vev1984f-word#@vev1984f#67.092#67.502
285,на,на,ADP,_,_,_,_,_,@vev1984f-word#@vev1984f#67.502#67.912
286,съемках,съемка,NOUN,_,Animacy=Inan|Case=Loc|Gender=Neut|Number=Plur,_,_,_,@vev1984f-word#@vev1984f#67.912#68.322
287,это,это,PRON,_,Animacy=Inan|Case=Acc|Gender=Neut|Number=Sing,_,_,_,@vev1984f-word#@vev1984f#68.322#68.732
288,сделаешь,сделать,VERB,_,Aspect=Perf|Mood=Ind|Number=Sing|Person=2|Tense=Fut|VerbForm=Fin|Voice=Act,_,_,_,@vev1984f-word#@vev1984f#68.732#69.142
289,разорвешь,разорвать,VERB,_,Aspect=Imp|Mood=Ind|Number=Sing|Person=2|Tense=Pres|VerbForm=Fin|Voice=Act,_,_,_,@vev1984f-word#@vev1984f#69.142#69.552
290,зал,зал,NOUN,_,Animacy=Inan|Case=Acc|Gender=Masc|Number=Sing,_,_,_,@vev1984f-word#@vev1984f#69.552#69.962
291,/,/,PUNCT,_,_,_,_,_,@vev1984f-word#@vev1984f#69.962#70.372
292,придешь,прийти,VERB,_,Aspect=Perf|Mood=Ind|Number=Sing|Person=2|Tense=Fut|VerbForm=Fin|Voice=Act,_,_,_,@vev1984f-word#@vev1984f#70.372#70.782
293,и,и,CCONJ,_,_,_,_,_,@vev1984f-word#@vev1984f#70.782#71.192
294,переозвучишь,переозвучить,VERB,_,Aspect=perf|Mood=Ind|Number=Sing|Person=2|Tense=fut|VerbForm=Fin|Voice=Act,_,_,_,@vev1984f-word#@vev1984f#71.192#71.618
295,юмор,юмор,NOUN,_,Animacy=Inan|Case=Acc|Gender=Masc|Number=Sing,_,_,_,@vev1984f-word#@vev1984f#72.521#72.936
296,страдает,страдать,VERB,_,Aspect=Imp|Mood=Ind|Number=Sing|Person=3|Tense=Pres|VerbForm=Fin|Voice=Act,_,_,_,@vev1984f-word#@vev1984f#72.936#73.351
297,сильно,сильно,ADV,_,Degree=Pos,_,_,_,@vev1984f-word#@vev1984f#73.351#73.766
298,постоянно,постоянно,ADV,_,Degree=Pos,_,_,_,@vev1984f-word#@vev1984f#75.19#75.52
299,/,/,PUNCT,_,_,_,_,_,@vev1984f-word#@vev1984f#75.52#75.85
300,мы,мы,PRON,_,Case=Nom|Number=Plur|Person=1,_,_,_,@vev1984f-word#@vev1984f#75.85#76.18
301,постоянно,постоянно,ADV,_,Degree=Pos,_,_,_,@vev1984f-word#@vev1984f#76.18#76.51
302,переозвучиваем,переозвучивать,VERB,_,Aspect=Imp|Mood=Ind|Number=Plur|Person=1|Tense=Pres|VerbForm=Fin|Voice=Act,_,_,_,@vev1984f-word#@vev1984f#76.51#76.84
303,/,/,PUNCT,_,_,_,_,_,@vev1984f-word#@vev1984f#76.84#77.17
304,у,у,ADP,_,_,_,_,_,@vev1984f-word#@vev1984f#77.17#77.5
305,нас,мы,PRON,_,Case=Gen|Number=Plur|Person=1,_,_,_,@vev1984f-word#@vev1984f#77.5#77.83
306,вот,вот,PART,_,_,_,_,_,@vev1984f-word#@vev1984f#77.83#78.16
307,мы,мы,PRON,_,Case=Nom|Number=Plur|Person=1,_,_,_,@vev1984f-word#@vev1984f#78.16#78.49
308,закончили,закончить,VERB,_,Aspect=Perf|Mood=Ind|Number=Plur|Tense=Past|VerbForm=Fin|Voice=Act,_,_,_,@vev1984f-word#@vev1984f#78.49#78.82
309,щас,щас,ADV,_,Degree=Pos,_,_,_,@vev1984f-word#@vev1984f#78.82#79.15
310,в,в,ADP,_,_,_,_,_,@vev1984f-word#@vev1984f#79.15#79.48
311,сентябре,сентябрь,NOUN,_,Animacy=Inan|Case=Loc|Gender=Masc|Number=Sing,_,_,_,@vev1984f-word#@vev1984f#79.48#79.81
312,снимать,снимать,VERB,_,Aspect=Imp|VerbForm=Inf|Voice=Act,_,_,_,@vev1984f-word#@vev1984f#79.81#80.14
313,новые,новый,ADJ,_,Animacy=Inan|Case=Acc|Degree=Pos|Number=Plur,_,_,_,@vev1984f-word#@vev1984f#80.14#80.47
314,программы,программа,NOUN,_,Animacy=Inan|Case=Acc|Gender=Fem|Number=Plur,_,_,_,@vev1984f-word#@vev1984f#80.47#80.8
315,камеди,камеди,NOUN,_,Animacy=Inan|Case=Gen|Gender=Fem|Number=Sing,_,_,_,@vev1984f-word#@vev1984f#80.8#81.13
316,вумен,вумен,NOUN,_,Foreign=yes,_,_,_,@vev1984f-word#@vev1984f#81.13#81.46
317,/,/,PUNCT,_,_,_,_,_,@vev1984f-word#@vev1984f#81.46#81.79
318,выходили,выходить,VERB,_,Aspect=Imp|Mood=Ind|Number=Plur|Tense=Past|VerbForm=Fin|Voice=Act,_,_,_,@vev1984f-word#@vev1984f#81.79#82.12
319,со,с,ADP,_,_,_,_,_,@vev1984f-word#@vev1984f#82.12#82.45
320,сцены,сцена,NOUN,_,Animacy=Inan|Case=Gen|Gender=Fem|Number=Sing,_,_,_,@vev1984f-word#@vev1984f#82.45#82.78
321,нас,мы,PRON,_,Case=Acc|Number=Plur|Person=1,_,_,_,@vev1984f-word#@vev1984f#82.78#83.11
322,встречала,встречать,VERB,_,Aspect=Imp|Gender=Fem|Mood=Ind|Number=Sing|Tense=Past|VerbForm=Fin|Voice=Act,_,_,_,@vev1984f-word#@vev1984f#83.11#83.44
323,девочка,девочка,NOUN,_,Animacy=Anim|Case=Nom|Gender=Fem|Number=Sing,_,_,_,@vev1984f-word#@vev1984f#83.44#83.77
324,у,у,ADP,_,_,_,_,_,@vev1984f-word#@vev1984f#83.77#84.1
325,нас,мы,PRON,_,Case=Gen|Number=Plur|Person=1,_,_,_,@vev1984f-word#@vev1984f#84.1#84.43
326,есть,быть,VERB,_,Aspect=Imp|Mood=Ind|Number=Sing|Person=3|Tense=Pres|VerbForm=Fin|Voice=Act,_,_,_,@vev1984f-word#@vev1984f#84.43#84.76
327,Аня,Аня,PROPN,_,Animacy=Inan|Case=Nom|Gender=Masc|Number=Sing,_,_,_,@vev1984f-word#@vev1984f#84.76#85.09
328,Орлова,Орлов,PROPN,_,Animacy=Anim|Case=Nom|Gender=Masc|Number=Sing,_,_,_,@vev1984f-word#@vev1984f#85.09#85.42
329,мы,мы,PRON,_,Case=Nom|Number=Plur|Person=1,_,_,_,@vev1984f-word#@vev1984f#85.42#85.75
330,ее,она,PRON,_,Case=Acc|Gender=Fem|Number=Sing|Person=3,_,_,_,@vev1984f-word#@vev1984f#85.75#86.08
331,называем,называть,VERB,_,Aspect=Imp|Mood=Ind|Number=Plur|Person=1|Tense=Pres|VerbForm=Fin|Voice=Act,_,_,_,@vev1984f-word#@vev1984f#86.08#86.41
332,труша,труша,DET,_,Case=Nom|Gender=Fem|Number=Sing,_,_,_,@vev1984f-word#@vev1984f#86.41#86.74
333,наша,наш,DET,_,Case=Nom|Gender=Fem|Number=Sing,_,_,_,@vev1984f-word#@vev1984f#86.74#87.07
334,помощница,помощница,NOUN,_,Animacy=Anim|Case=Nom|Gender=Fem|Number=Sing,_,_,_,@vev1984f-word#@vev1984f#87.07#87.4
335,тоже,тоже,PART,_,_,_,_,_,@vev1984f-word#@vev1984f#87.4#87.73
336,человек,человек,NOUN,_,Animacy=Anim|Case=Nom|Gender=Masc|Number=Sing,_,_,_,@vev1984f-word#@vev1984f#87.73#88.06
337,который,который,PRON,_,Case=Nom,_,_,_,@vev1984f-word#@vev1984f#88.06#88.39
338,на,на,ADP,_,_,_,_,_,@vev1984f-word#@vev1984f#88.39#88.72
339,протяжении,протяжение,NOUN,_,Animacy=Inan|Case=Loc|Gender=Neut|Number=Sing,_,_,_,@vev1984f-word#@vev1984f#88.72#89.05
340,13,13,NUM,_,_,_,_,_,@vev1984f-word#@vev1984f#89.05#89.38
341,лет,год,NOUN,_,Animacy=Inan|Case=Gen|Gender=Masc|Number=Plur,_,_,_,@vev1984f-word#@vev1984f#89.38#89.71
342,с,с,ADP,_,_,_,_,_,@vev1984f-word#@vev1984f#89.71#90.04
343,нами,мы,PRON,_,Case=Ins|Number=Plur|Person=1,_,_,_,@vev1984f-word#@vev1984f#90.04#90.37
344,она,она,PRON,_,Case=Nom|Gender=Fem|Number=Sing|Person=3,_,_,_,@vev1984f-word#@vev1984f#90.37#90.7
345,[смеется],[смеется],X,_,_,_,_,_,@vev1984f-word#@vev1984f#90.7#91.03
346,так,так,ADV,_,Degree=Pos,_,_,_,@vev1984f-word#@vev1984f#91.03#91.36
347,вот,вот,PART,_,_,_,_,_,@vev1984f-word#@vev1984f#91.36#91.69
348,[хлопает],[хлопает],X,_,_,_,_,_,@vev1984f-word#@vev1984f#91.69#92.02
349,к,к,ADP,_,_,_,_,_,@vev1984f-word#@vev1984f#92.02#92.35
350,нам,мы,PRON,_,Case=Dat|Number=Plur|Person=1,_,_,_,@vev1984f-word#@vev1984f#92.35#92.68
351,шла,идти,VERB,_,Aspect=Imp|Gender=Fem|Mood=Ind|Number=Sing|Tense=Past|VerbForm=Fin|Voice=Act,_,_,_,@vev1984f-word#@vev1984f#92.68#93.01
352,за,за,ADP,_,_,_,_,_,@vev1984f-word#@vev1984f#93.01#93.34
353,кулисы,кулисы,NOUN,_,Animacy=Inan|Case=Acc|Number=Plur,_,_,_,@vev1984f-word#@vev1984f#93.34#93.67
354,говорила,говорить,VERB,_,Aspect=Imp|Gender=Fem|Mood=Ind|Number=Sing|Tense=Past|VerbForm=Fin|Voice=Act,_,_,_,@vev1984f-word#@vev1984f#93.67#94.0
355,всех,все,PRON,_,Animacy=Anim|Case=Acc|Number=Plur,_,_,_,@vev1984f-word#@vev1984f#94.0#94.33
356,поздравляю,поздравлять,VERB,_,Aspect=Imp|Mood=Ind|Number=Sing|Person=1|Tense=Pres|VerbForm=Fin|Voice=Act,_,_,_,@vev1984f-word#@vev1984f#94.33#94.66
357,всех,весь,DET,_,Case=Acc|Number=Plur,_,_,_,@vev1984f-word#@vev1984f#94.66#94.99
358,жду,жду,VERB,_,Aspect=Imp|Mood=Ind|Number=Sing|Person=1|Tense=Pres|VerbForm=Fin|Voice=Act,_,_,_,@vev1984f-word#@vev1984f#94.99#95.32
359,на,на,ADP,_,_,_,_,_,@vev1984f-word#@vev1984f#95.32#95.65
360,переозвучивание,переозвучивание,NOUN,_,Animacy=Inan|Case=Acc|Gender=Neut|Number=Sing,_,_,_,@vev1984f-word#@vev1984f#95.65#96.036
361,везде,везде,ADV,_,Degree=Pos,_,_,_,@vev1984f-word#@vev1984f#97.127#97.443
362,повставляли,повставлять,VERB,_,Aspect=Perf|Mood=Ind|Number=Plur|Tense=Past|VerbForm=Fin|Voice=Act,_,_,_,@vev1984f-word#@vev1984f#97.443#97.759
363,/,/,PUNCT,_,_,_,_,_,@vev1984f-word#@vev1984f#97.759#98.075
364,вот,вот,PART,_,_,_,_,_,@vev1984f-word#@vev1984f#98.075#98.391
365,знаешь,знать,VERB,_,Aspect=Imp|Mood=Ind|Number=Sing|Person=2|Tense=Pres|VerbForm=Fin|Voice=Act,_,_,_,@vev1984f-word#@vev1984f#98.391#98.707
366,вот,вот,PART,_,_,_,_,_,@vev1984f-word#@vev1984f#98.707#99.023
367,где,где,ADV,_,Degree=Pos,_,_,_,@vev1984f-word#@vev1984f#99.023#99.339
368,только,только,PART,_,_,_,_,_,@vev1984f-word#@vev1984f#99.339#99.655
369,можно,можно,ADV,_,Degree=Pos,_,_,_,@vev1984f-word#@vev1984f#99.655#99.971
370,было,быть,AUX,_,Aspect=Imp|Gender=Neut|Mood=Ind|Number=Sing|Tense=Past|VerbForm=Fin|Voice=Act,_,_,_,@vev1984f-word#@vev1984f#99.971#100.287
371,и,и,CCONJ,_,_,_,_,_,@vev1984f-word#@vev1984f#100.287#100.603
372,нельзя,нельзя,ADV,_,Degree=Pos,_,_,_,@vev1984f-word#@vev1984f#100.603#100.919
373,я,я,PRON,_,Case=Nom|Number=Sing|Person=1,_,_,_,@vev1984f-word#@vev1984f#100.919#101.235
374,в,в,ADP,_,_,_,_,_,@vev1984f-word#@vev1984f#101.235#101.551
375,одном,один,NUM,_,Case=Loc|Gender=Masc,_,_,_,@vev1984f-word#@vev1984f#101.551#101.867
376,номере,номер,NOUN,_,Animacy=Inan|Case=Loc|Gender=Masc|Number=Sing,_,_,_,@vev1984f-word#@vev1984f#101.867#102.183
377,три,три,NUM,_,Animacy=Inan|Case=Acc,_,_,_,@vev1984f-word#@vev1984f#102.183#102.499
378,раза,раз,NOUN,_,Animacy=Inan|Case=Gen|Gender=Masc|Number=Sing,_,_,_,@vev1984f-word#@vev1984f#102.499#102.815
379,умудрилась,умудриться,VERB,_,Aspect=Perf|Gender=Fem|Mood=Ind|Number=Sing|Tense=Past|VerbForm=Fin|Voice=act,_,_,_,@vev1984f-word#@vev1984f#102.815#103.131
380,матернуться,матернуться,VERB,_,Aspect=Perf|VerbForm=Inf|Voice=act,_,_,_,@vev1984f-word#@vev1984f#103.131#103.447
381,но,но,CCONJ,_,_,_,_,_,@vev1984f-word#@vev1984f#103.447#103.763
382,зал,зал,NOUN,_,Animacy=Inan|Case=Nom|Gender=Masc|Number=Sing,_,_,_,@vev1984f-word#@vev1984f#103.763#104.079
383,смеялся,смеяться,VERB,_,Aspect=Imp|Gender=Masc|Mood=Ind|Number=Sing|Tense=Past|VerbForm=Fin|Voice=act,_,_,_,@vev1984f-word#@vev1984f#104.079#104.395
384,он,он,PRON,_,Case=Nom|Gender=Masc|Number=Sing|Person=3,_,_,_,@vev1984f-word#@vev1984f#104.395#104.711
385,у,у,ADP,_,_,_,_,_,@vev1984f-word#@vev1984f#104.711#105.027
386,меня,я,PRON,_,Case=Gen|Number=Sing|Person=1,_,_,_,@vev1984f-word#@vev1984f#105.027#105.343
387,там,там,ADV,_,Degree=Pos,_,_,_,@vev1984f-word#@vev1984f#105.343#105.659
388,/,/,PUNCT,_,_,_,_,_,@vev1984f-word#@vev1984f#105.659#105.975
389,я,я,PRON,_,Case=Nom|Number=Sing|Person=1,_,_,_,@vev1984f-word#@vev1984f#105.975#106.291
390,же,же,PART,_,_,_,_,_,@vev1984f-word#@vev1984f#106.291#106.607
391,прям,прям,ADV,_,Degree=Pos,_,_,_,@vev1984f-word#@vev1984f#106.607#106.923
392,/,/,PUNCT,_,_,_,_,_,@vev1984f-word#@vev1984f#106.923#107.239
393,сижу,сидеть,VERB,_,Aspect=Imp|Mood=Ind|Number=Sing|Person=1|Tense=Pres|VerbForm=Fin|Voice=Act,_,_,_,@vev1984f-word#@vev1984f#107.239#107.555
394,как,как,ADV,_,_,_,_,_,@vev1984f-word#@vev1984f#107.555#107.871
395,лошадка,лошадка,NOUN,_,Animacy=anim|Case=nom|Gender=Fem|Number=sing,_,_,_,@vev1984f-word#@vev1984f#107.871#108.187
396,прям,прям,ADV,_,Degree=Pos,_,_,_,@vev1984f-word#@vev1984f#108.187#108.503
397,рабочая,рабочий,ADJ,_,Case=Nom|Degree=Pos|Gender=Fem|Number=Sing,_,_,_,@vev1984f-word#@vev1984f#108.503#108.819
398,ух,ух,INTJ,_,_,_,_,_,@vev1984f-word#@vev1984f#108.819#109.135
399,/,/,PUNCT,_,_,_,_,_,@vev1984f-word#@vev1984f#109.135#109.451
400,переозвучка,переозвучка,NOUN,_,Animacy=Inan|Case=Nom|Gender=Fem|Number=Sing,_,_,_,@vev1984f-word#@vev1984f#109.451#109.767
401,переозвучка,переозвучка,NOUN,_,Animacy=Inan|Case=Nom|Gender=Fem|Number=Sing,_,_,_,@vev1984f-word#@vev1984f#109.767#110.083
402,переозвучка,переозвучка,NOUN,_,Animacy=Inan|Case=Nom|Gender=Fem|Number=Sing,_,_,_,@vev1984f-word#@vev1984f#110.083#110.399
403,переозвучка,переозвучка,NOUN,_,Animacy=Inan|Case=Nom|Gender=Fem|Number=Sing,_,_,_,@vev1984f-word#@vev1984f#110.399#110.745
404,тоже,тоже,PART,_,_,_,_,_,@vev1984f-word#@vev1984f#122.112#122.286
405,были,быть,VERB,_,Aspect=Imp|Mood=Ind|Number=Plur|Tense=Past|VerbForm=Fin|Voice=Act,_,_,_,@vev1984f-word#@vev1984f#122.286#122.46
406,проблемы,проблема,NOUN,_,Animacy=Inan|Case=Nom|Gender=Fem|Number=Plur,_,_,_,@vev1984f-word#@vev1984f#122.46#122.634
407,у,у,ADP,_,_,_,_,_,@vev1984f-word#@vev1984f#122.634#122.808
408,нас,мы,PRON,_,Case=Gen|Number=Plur|Person=1,_,_,_,@vev1984f-word#@vev1984f#122.808#122.982
409,с,с,ADP,_,_,_,_,_,@vev1984f-word#@vev1984f#122.982#123.156
410,этим,это,PRON,_,Animacy=Inan|Case=Ins|Gender=Neut|Number=Sing,_,_,_,@vev1984f-word#@vev1984f#123.156#123.33
411,знаешь,знать,VERB,_,Aspect=Imp|Mood=Ind|Number=Sing|Person=2|Tense=Pres|VerbForm=Fin|Voice=Act,_,_,_,@vev1984f-word#@vev1984f#123.33#123.504
412,/,/,PUNCT,_,_,_,_,_,@vev1984f-word#@vev1984f#123.504#123.678
413,ну,ну,PART,_,_,_,_,_,@vev1984f-word#@vev1984f#123.678#123.852
414,естественно,естественный,ADV,_,Degree=Pos,_,_,_,@vev1984f-word#@vev1984f#123.852#124.036
415,абсолютно,абсолютно,ADV,_,Degree=Pos,_,_,_,@vev1984f-word#@vev1984f#125.606#125.984
416,/,/,PUNCT,_,_,_,_,_,@vev1984f-word#@vev1984f#125.984#126.362
417,ну,ну,PART,_,_,_,_,_,@vev1984f-word#@vev1984f#126.362#126.74
418,мы,мы,PRON,_,Case=Nom|Number=Plur|Person=1,_,_,_,@vev1984f-word#@vev1984f#126.74#127.118
419,это,это,PRON,_,Animacy=Inan|Case=Acc|Gender=Neut|Number=Sing,_,_,_,@vev1984f-word#@vev1984f#127.118#127.496
420,понимали,понимать,VERB,_,Aspect=Imp|Mood=Ind|Number=Plur|Tense=Past|VerbForm=Fin|Voice=Act,_,_,_,@vev1984f-word#@vev1984f#127.496#127.874
421,вот,вот,PART,_,_,_,_,_,@vev1984f-word#@vev1984f#127.874#128.252
422,в,в,ADP,_,_,_,_,_,@vev1984f-word#@vev1984f#128.252#128.63
423,этой,этот,DET,_,Case=Loc|Gender=Fem|Number=Sing,_,_,_,@vev1984f-word#@vev1984f#128.63#129.008
424,ситуации,ситуация,NOUN,_,Animacy=Inan|Case=Loc|Gender=Fem|Number=Sing,_,_,_,@vev1984f-word#@vev1984f#129.008#129.386
425,/,/,PUNCT,_,_,_,_,_,@vev1984f-word#@vev1984f#129.386#129.764
426,мы,мы,PRON,_,Case=Nom|Number=Plur|Person=1,_,_,_,@vev1984f-word#@vev1984f#129.764#130.142
427,понимали,понимать,VERB,_,Aspect=Imp|Mood=Ind|Number=Plur|Tense=Past|VerbForm=Fin|Voice=Act,_,_,_,@vev1984f-word#@vev1984f#130.142#130.52
428,что,что,SCONJ,_,_,_,_,_,@vev1984f-word#@vev1984f#130.52#130.898
429,aaа,aaa,INTJ,_,_,_,_,_,@vev1984f-word#@vev1984f#130.898#131.276
430,такая,такой,DET,_,Case=Nom|Gender=Fem|Number=Sing,_,_,_,@vev1984f-word#@vev1984f#131.276#131.654
431,тема,тема,NOUN,_,Animacy=Inan|Case=Nom|Gender=Fem|Number=Sing,_,_,_,@vev1984f-word#@vev1984f#131.654#132.032
432,тоже,тоже,PART,_,_,_,_,_,@vev1984f-word#@vev1984f#132.032#132.41
433,может,мочь,VERB,_,Aspect=Imp|Mood=Ind|Number=Sing|Person=3|Tense=Pres|VerbForm=Fin|Voice=Act,_,_,_,@vev1984f-word#@vev1984f#132.41#132.788
434,подняться,подняться,VERB,_,Aspect=Perf|VerbForm=Inf|Voice=act,_,_,_,@vev1984f-word#@vev1984f#132.788#133.172
435,а-а-абсолютно,а-а-абсолютно,ADV,_,Degree=Pos,_,_,_,@vev1984f-word#@vev1984f#137.542#137.985
436,мы,мы,PRON,_,Case=Nom|Number=Plur|Person=1,_,_,_,@vev1984f-word#@vev1984f#137.985#138.428
437,высмеиваем,высмеивать,VERB,_,Aspect=Imp|Mood=Ind|Number=Plur|Person=1|Tense=Pres|VerbForm=Fin|Voice=Act,_,_,_,@vev1984f-word#@vev1984f#138.428#138.871
438,мы,мы,PRON,_,Case=Nom|Number=Plur|Person=1,_,_,_,@vev1984f-word#@vev1984f#138.871#139.314
439,высмеиваем,высмеивать,VERB,_,Aspect=Imp|Mood=Ind|Number=Plur|Person=1|Tense=Pres|VerbForm=Fin|Voice=Act,_,_,_,@vev1984f-word#@vev1984f#139.314#139.757
440,к-к-конкретный,к-к-конкретный,ADJ,_,Case=Nom|Degree=Pos|Gender=Masc|Number=Sing,_,_,_,@vev1984f-word#@vev1984f#139.757#140.2
441,пласт,пласт,NOUN,_,Animacy=Inan|Case=Nom|Gender=Masc|Number=Sing,_,_,_,@vev1984f-word#@vev1984f#140.2#140.643
442,людей,люди,NOUN,_,Animacy=Anim|Case=Gen|Number=Plur,_,_,_,@vev1984f-word#@vev1984f#140.643#141.086
443,/,/,PUNCT,_,_,_,_,_,@vev1984f-word#@vev1984f#141.086#141.529
444,они,они,PRON,_,Case=Nom|Number=Plur|Person=3,_,_,_,@vev1984f-word#@vev1984f#141.529#141.972
445,же,же,PART,_,_,_,_,_,@vev1984f-word#@vev1984f#141.972#142.415
446,есть,быть,VERB,_,Aspect=Imp|Mood=Ind|Number=Sing|Person=3|Tense=Pres|VerbForm=Fin|Voice=Act,_,_,_,@vev1984f-word#@vev1984f#142.415#142.858
447,это,это,PRON,_,Animacy=Inan|Case=Nom|Gender=Neut|Number=Sing,_,_,_,@vev1984f-word#@vev1984f#142.858#143.301
448,карикатура,карикатура,NOUN,_,Animacy=Inan|Case=Nom|Gender=Fem|Number=Sing,_,_,_,@vev1984f-word#@vev1984f#143.301#143.744
449,/,/,PUNCT,_,_,_,_,_,@vev1984f-word#@vev1984f#143.744#144.187
450,[нрзб],[нрзб],Х,_,_,_,_,_,@vev1984f-word#@vev1984f#144.187#144.63
451,отвечаешь,отвечать,VERB,_,Aspect=Imp|Mood=Ind|Number=Sing|Person=2|Tense=Pres|VerbForm=Fin|Voice=Act,_,_,_,@vev1984f-word#@vev1984f#144.63#145.073
452,сама,сам,DET,_,Case=Nom|Degree=Pos|Gender=Fem|Number=Sing,_,_,_,@vev1984f-word#@vev1984f#145.073#145.516
453,на,на,ADP,_,_,_,_,_,@vev1984f-word#@vev1984f#145.516#145.959
454,свой,свой,DET,_,Case=Acc|Gender=Masc|Number=Sing,_,_,_,@vev1984f-word#@vev1984f#145.959#146.402
455,вопрос,вопрос,NOUN,_,Animacy=Inan|Case=Acc|Gender=Masc|Number=Sing,_,_,_,@vev1984f-word#@vev1984f#146.402#146.845
456,ну,ну,PART,_,_,_,_,_,@vev1984f-word#@vev1984f#147.646#147.881
457,то,то,PRON,_,Animacy=Inan|Case=Nom|Gender=Neut|Number=Sing,_,_,_,@vev1984f-word#@vev1984f#147.881#148.116
458,есть,быть,VERB,_,Aspect=Imp|Mood=Ind|Number=Sing|Person=3|Tense=Pres|VerbForm=Fin|Voice=Act,_,_,_,@vev1984f-word#@vev1984f#148.116#148.351
459,если,если,SCONJ,_,_,_,_,_,@vev1984f-word#@vev1984f#148.351#148.586
460,люди,люди,NOUN,_,Animacy=Anim|Case=Nom|Number=Plur,_,_,_,@vev1984f-word#@vev1984f#148.586#148.821
461,вдруг,вдруг,ADV,_,Degree=Pos,_,_,_,@vev1984f-word#@vev1984f#148.821#149.056
462,в,в,ADP,_,_,_,_,_,@vev1984f-word#@vev1984f#149.056#149.291
463,какой-то,какой-то,DET,_,Case=Acc|Gender=Masc|Number=Sing,_,_,_,@vev1984f-word#@vev1984f#149.291#149.526
464,момент,момент,NOUN,_,Animacy=Inan|Case=Acc|Gender=Masc|Number=Sing,_,_,_,@vev1984f-word#@vev1984f#149.526#149.761
465,они,они,PRON,_,Case=Nom|Number=Plur|Person=3,_,_,_,@vev1984f-word#@vev1984f#149.761#149.996
466,э,э,INTJ,_,_,_,_,_,@vev1984f-word#@vev1984f#149.996#150.231
467,они,они,PRON,_,Case=Nom|Number=Plur|Person=3,_,_,_,@vev1984f-word#@vev1984f#150.231#150.466
468,же,же,PART,_,_,_,_,_,@vev1984f-word#@vev1984f#150.466#150.701
469,понимают,понимать,VERB,_,Aspect=Imp|Mood=Ind|Number=Plur|Person=3|Tense=Pres|VerbForm=Fin|Voice=Act,_,_,_,@vev1984f-word#@vev1984f#150.701#150.936
470,что,что,SCONJ,_,_,_,_,_,@vev1984f-word#@vev1984f#150.936#151.171
471,они,они,PRON,_,Case=Nom|Number=Plur|Person=3,_,_,_,@vev1984f-word#@vev1984f#151.171#151.406
472,так,так,ADV,_,Degree=Pos,_,_,_,@vev1984f-word#@vev1984f#151.406#151.641
473,не,не,PART,_,_,_,_,_,@vev1984f-word#@vev1984f#151.641#151.876
474,выглядят,выглядеть,VERB,_,Aspect=Imp|Mood=Ind|Number=Plur|Person=3|Tense=Pres|VerbForm=Fin|Voice=Act,_,_,_,@vev1984f-word#@vev1984f#151.876#152.111
475,люди,человек,NOUN,_,Animacy=Anim|Case=Nom|Gender=Masc|Number=Plur,_,_,_,@vev1984f-word#@vev1984f#152.111#152.346
476,они,они,PRON,_,Case=Nom|Number=Plur|Person=3,_,_,_,@vev1984f-word#@vev1984f#152.346#152.581
477,так,так,ADV,_,Degree=Pos,_,_,_,@vev1984f-word#@vev1984f#152.581#152.816
478,не,не,PART,_,_,_,_,_,@vev1984f-word#@vev1984f#152.816#153.051
479,говорят,говорить,VERB,_,Aspect=Imp|Mood=Ind|Number=Plur|Person=3|Tense=Pres|VerbForm=Fin|Voice=Act,_,_,_,@vev1984f-word#@vev1984f#153.051#153.286
480,/,/,PUNCT,_,_,_,_,_,@vev1984f-word#@vev1984f#153.286#153.521
481,они,они,PRON,_,Case=Nom|Number=Plur|Person=3,_,_,_,@vev1984f-word#@vev1984f#153.521#153.756
482,так,так,ADV,_,Degree=Pos,_,_,_,@vev1984f-word#@vev1984f#153.756#153.991
483,не,не,PART,_,_,_,_,_,@vev1984f-word#@vev1984f#153.991#154.226
484,делают,делать,VERB,_,Aspect=Imp|Mood=Ind|Number=Plur|Person=3|Tense=Pres|VerbForm=Fin|Voice=Act,_,_,_,@vev1984f-word#@vev1984f#154.226#154.461
485,в,в,ADP,_,_,_,_,_,@vev1984f-word#@vev1984f#155.253#155.413
486,том,тот,PRON,_,Animacy=Inan|Case=Loc|Gender=Neut|Number=Sing,_,_,_,@vev1984f-word#@vev1984f#155.413#155.573
487,или,или,CCONJ,_,_,_,_,_,@vev1984f-word#@vev1984f#155.573#155.733
488,ином,иной,ADJ,_,Case=Loc|Degree=Pos|Gender=Neut|Number=Sing,_,_,_,@vev1984f-word#@vev1984f#155.733#155.893
489,месте,место,NOUN,_,Animacy=Inan|Case=Loc|Gender=Neut|Number=Sing,_,_,_,@vev1984f-word#@vev1984f#155.893#156.053
490,поэтому,поэтому,ADV,_,Degree=Pos,_,_,_,@vev1984f-word#@vev1984f#156.755#157.096
491,я,я,PRON,_,Case=Nom|Number=Sing|Person=1,_,_,_,@vev1984f-word#@vev1984f#157.096#157.437
492,сама,сам,ADJ,_,Case=Nom|Degree=Pos|Gender=Fem|Number=Sing,_,_,_,@vev1984f-word#@vev1984f#157.437#157.778
493,верующий,веровать,ADJ,_,Case=Nom|Degree=Pos|Gender=Mas|Number=Sing,_,_,_,@vev1984f-word#@vev1984f#157.778#158.119
494,человек,человек,NOUN,_,Animacy=Anim|Case=Nom|Gender=Masc|Number=Sing,_,_,_,@vev1984f-word#@vev1984f#158.119#158.46
495,/,/,PUNCT,_,_,_,_,_,@vev1984f-word#@vev1984f#158.46#158.801
496,но,но,CCONJ,_,_,_,_,_,@vev1984f-word#@vev1984f#158.801#159.142
497,я,я,PRON,_,Case=Nom|Number=Sing|Person=1,_,_,_,@vev1984f-word#@vev1984f#159.142#159.483
498,редко,редко,ADV,_,Degree=Pos,_,_,_,@vev1984f-word#@vev1984f#159.483#159.824
499,хожу,ходить,VERB,_,Aspect=Imp|Mood=Ind|Number=Sing|Person=1|Tense=Pres|VerbForm=Fin|Voice=Act,_,_,_,@vev1984f-word#@vev1984f#159.824#160.165
500,к,к,ADP,_,_,_,_,_,@vev1984f-word#@vev1984f#160.165#160.506
501,сожалению,сожаление,NOUN,_,Animacy=Inan|Case=Dat|Gender=Neut|Number=Sing,_,_,_,@vev1984f-word#@vev1984f#160.506#160.847
502,в,в,ADP,_,_,_,_,_,@vev1984f-word#@vev1984f#160.847#161.188
503,церковь,церковь,NOUN,_,Animacy=Inan|Case=Acc|Gender=Fem|Number=Sing,_,_,_,@vev1984f-word#@vev1984f#161.188#161.529
504,но,но,CCONJ,_,_,_,_,_,@vev1984f-word#@vev1984f#161.529#161.87
505,я,я,PRON,_,Case=Nom|Number=Sing|Person=1,_,_,_,@vev1984f-word#@vev1984f#161.87#162.211
506,была,быть,AUX,_,Aspect=Imp|Gender=Fem|Mood=Ind|Number=Sing|Tense=Past|VerbForm=Fin|Voice=Act,_,_,_,@vev1984f-word#@vev1984f#162.211#162.552
507,несколько,несколько,NUM,_,Case=Acc,_,_,_,@vev1984f-word#@vev1984f#162.552#162.893
508,раз,раз,NOUN,_,Animacy=Inan|Case=Gen|Gender=Masc|Number=Plur,_,_,_,@vev1984f-word#@vev1984f#162.893#163.234
509,свидетелем,свидетель,NOUN,_,Animacy=Anim|Case=Ins|Gender=Masc|Number=Sing,_,_,_,@vev1984f-word#@vev1984f#163.234#163.575
510,и,и,CCONJ,_,_,_,_,_,@vev1984f-word#@vev1984f#163.575#163.916
511,таких,такой,DET,_,Case=Gen|Number=Plur,_,_,_,@vev1984f-word#@vev1984f#163.916#164.257
512,историй,история,NOUN,_,Animacy=Inan|Case=Gen|Gender=Fem|Number=Plur,_,_,_,@vev1984f-word#@vev1984f#164.257#164.598
513,тоже,тоже,PART,_,_,_,_,_,@vev1984f-word#@vev1984f#164.598#164.955
514,вот,вот,PART,_,_,_,_,_,@vev1984f-word#@vev1984f#165.588#165.858
515,/,/,PUNCT,_,_,_,_,_,@vev1984f-word#@vev1984f#165.858#166.128
516,почему,почему,ADV,_,Degree=Pos,_,_,_,@vev1984f-word#@vev1984f#166.128#166.398
517,особенно,особенно,ADV,_,Degree=Pos,_,_,_,@vev1984f-word#@vev1984f#166.398#166.668
518,мне,я,PRON,_,Case=Dat|Number=Sing|Person=1,_,_,_,@vev1984f-word#@vev1984f#166.668#166.938
519,нравится,нравиться,VERB,_,Aspect=Imp|Mood=Ind|Number=Sing|Person=3|Tense=Pres|VerbForm=Fin|Voice=pass,_,_,_,@vev1984f-word#@vev1984f#166.938#167.208
520,играть,играть,VERB,_,Aspect=Imp|VerbForm=Inf|Voice=Act,_,_,_,@vev1984f-word#@vev1984f#167.208#167.478
521,в,в,ADP,_,_,_,_,_,@vev1984f-word#@vev1984f#167.478#167.748
522,этом,этот,DET,_,Case=Loc|Gender=Masc|Number=Sing,_,_,_,@vev1984f-word#@vev1984f#167.748#168.018
523,номере,номер,NOUN,_,Animacy=Inan|Case=Loc|Gender=Masc|Number=Sing,_,_,_,@vev1984f-word#@vev1984f#168.018#168.294
524,собирают,собирать,VERB,_,Aspect=Imp|Mood=Ind|Number=Plur|Person=3|Tense=Pres|VerbForm=Fin|Voice=Act,_,_,_,@vev1984f-word#@vev1984f#171.95#172.291
525,там,там,ADV,_,Degree=Pos,_,_,_,@vev1984f-word#@vev1984f#172.291#172.632
526,какие-то,какой-то,DET,_,Case=Acc|Number=Plur,_,_,_,@vev1984f-word#@vev1984f#172.632#172.973
527,петиции,петиция,NOUN,_,Animacy=Inan|Case=Acc|Gender=Fem|Number=Plur,_,_,_,@vev1984f-word#@vev1984f#172.973#173.314
528,подписи,подпись,NOUN,_,Animacy=Inan|Case=Gen|Gender=Fem|Number=Sing,_,_,_,@vev1984f-word#@vev1984f#173.314#173.655
529,[нрзб],[нрзб],Х,_,_,_,_,_,@vev1984f-word#@vev1984f#173.655#173.996
530,/,/,PUNCT,_,_,_,_,_,@vev1984f-word#@vev1984f#173.996#174.337
531,ну,ну,PART,_,_,_,_,_,@vev1984f-word#@vev1984f#174.337#174.678
532,вот,вот,PART,_,_,_,_,_,@vev1984f-word#@vev1984f#174.678#175.019
533,ну,ну,PART,_,_,_,_,_,@vev1984f-word#@vev1984f#175.019#175.36
534,какой-то,какой-то,DET,_,Case=Nom|Gender=Masc|Number=Sing,_,_,_,@vev1984f-word#@vev1984f#175.36#175.701
535,там,там,ADV,_,Degree=Pos,_,_,_,@vev1984f-word#@vev1984f#175.701#176.042
536,какой-то,какой-то,DET,_,Case=Nom|Gender=Masc|Number=Sing,_,_,_,@vev1984f-word#@vev1984f#176.042#176.383
537,звоночек,звоночек,NOUN,_,Animacy=Inan|Case=Nom|Gender=Masc|Number=Sing,_,_,_,@vev1984f-word#@vev1984f#176.383#176.724
538,сверху,сверху,ADV,_,Degree=Pos,_,_,_,@vev1984f-word#@vev1984f#176.724#177.065
539,идет,идти,VERB,_,Aspect=Imp|Mood=Ind|Number=Sing|Person=3|Tense=Pres|VerbForm=Fin|Voice=Act,_,_,_,@vev1984f-word#@vev1984f#177.065#177.406
540,и,и,CCONJ,_,_,_,_,_,@vev1984f-word#@vev1984f#177.406#177.747
541,говорят,говорить,VERB,_,Aspect=Imp|Mood=Ind|Number=Plur|Person=3|Tense=Pres|VerbForm=Fin|Voice=Act,_,_,_,@vev1984f-word#@vev1984f#177.747#178.088
542,что,что,SCONJ,_,_,_,_,_,@vev1984f-word#@vev1984f#178.088#178.429
543,возможно,возможный,ADV,_,Degree=Pos,_,_,_,@vev1984f-word#@vev1984f#178.429#178.77
544,возможно,возможный,ADV,_,Degree=Pos,_,_,_,@vev1984f-word#@vev1984f#178.77#179.111
545,будут,быть,AUX,_,Aspect=Imp|Mood=Ind|Number=Plur|Person=3|Tense=Pres|VerbForm=Fin|Voice=Act,_,_,_,@vev1984f-word#@vev1984f#179.111#179.452
546,проблемы,проблема,NOUN,_,Animacy=Inan|Case=Nom|Gender=Fem|Number=Plur,_,_,_,@vev1984f-word#@vev1984f#179.452#179.793
547,не,не,PART,_,_,_,_,_,@vev1984f-word#@vev1984f#179.793#180.134
548,факт,факт,NOUN,_,Animacy=Inan|Case=Nom|Gender=Masc|Number=Sing,_,_,_,@vev1984f-word#@vev1984f#180.134#180.475
549,мы,мы,PRON,_,Case=Nom|Number=Plur|Person=1,_,_,_,@vev1984f-word#@vev1984f#180.475#180.816
550,их,они,PRON,_,Case=Acc|Number=Plur|Person=3,_,_,_,@vev1984f-word#@vev1984f#180.816#181.157
551,стараемся,стараться,VERB,_,Aspect=Imp|Mood=Ind|Number=Plur|Person=1|Tense=Pres|VerbForm=Fin|Voice=Mid,_,_,_,@vev1984f-word#@vev1984f#181.157#181.498
552,решить,решить,VERB,_,Aspect=Perf|VerbForm=Inf|Voice=Act,_,_,_,@vev1984f-word#@vev1984f#181.498#181.839
553,/,/,PUNCT,_,_,_,_,_,@vev1984f-word#@vev1984f#181.839#182.18
554,ну,ну,PART,_,_,_,_,_,@vev1984f-word#@vev1984f#182.18#182.521
555,как,как,ADV,_,Degree=Pos,_,_,_,@vev1984f-word#@vev1984f#182.521#182.862
556,бы,бы,PART,_,_,_,_,_,@vev1984f-word#@vev1984f#182.862#183.203
557,ну,ну,PART,_,_,_,_,_,@vev1984f-word#@vev1984f#183.203#183.547
558,мы,мы,PRON,_,Case=Nom|Number=Plur|Person=1,_,_,_,@vev1984f-word#@vev1984f#187.436#187.804
559,потом,потом,ADV,_,Degree=Pos,_,_,_,@vev1984f-word#@vev1984f#187.804#188.172
560,еще,еще,ADV,_,Degree=Pos,_,_,_,@vev1984f-word#@vev1984f#188.172#188.54
561,один,один,DET,_,Animacy=Inan|Case=Acc|Degree=Pos|Gender=Masc|Number=Sing,_,_,_,@vev1984f-word#@vev1984f#188.54#188.908
562,ра...,раз,NOUN,_,Animacy=Anim|Case=Acc|Gender=Masc|Number=Sing,_,_,_,@vev1984f-word#@vev1984f#188.908#189.276
563,[смеется],[смеется],PUNCT,_,_,_,_,_,@vev1984f-word#@vev1984f#189.276#189.644
564,проблемы,проблема,NOUN,_,Animacy=Inan|Case=Gen|Gender=Fem|Number=Plur,_,_,_,@vev1984f-word#@vev1984f#189.644#190.012
565,проблемы,проблема,NOUN,_,Animacy=Inan|Case=Gen|Gender=Fem|Number=Sing,_,_,_,@vev1984f-word#@vev1984f#190.012#190.38
566,же,же,PART,_,_,_,_,_,@vev1984f-word#@vev1984f#190.38#190.748
567,не,не,PART,_,_,_,_,_,@vev1984f-word#@vev1984f#190.748#191.116
568,было,быть,VERB,_,Aspect=Imp|Gender=Neut|Mood=Ind|Number=Sing|Tense=Past|VerbForm=Fin|Voice=Act,_,_,_,@vev1984f-word#@vev1984f#191.116#191.484
569,мы,мы,PRON,_,Case=Nom|Number=Plur|Person=1,_,_,_,@vev1984f-word#@vev1984f#191.484#191.852
570,еще,еще,ADV,_,Degree=Pos,_,_,_,@vev1984f-word#@vev1984f#191.852#192.22
571,один,один,NUM,_,Animacy=Inan|Case=Acc|Gender=Masc,_,_,_,@vev1984f-word#@vev1984f#192.22#192.588
572,номер,номер,NOUN,_,Animacy=Inan|Case=Acc|Gender=Masc|Number=Sing,_,_,_,@vev1984f-word#@vev1984f#192.588#192.956
573,написали,писать,VERB,_,Aspect=Perf|Mood=Ind|Number=Plur|Tense=Past|VerbForm=Fin|Voice=Act,_,_,_,@vev1984f-word#@vev1984f#192.956#193.324
574,опять,опять,ADV,_,Degree=Pos,_,_,_,@vev1984f-word#@vev1984f#193.324#193.692
575,же,же,PART,_,_,_,_,_,@vev1984f-word#@vev1984f#193.692#194.06
576,таки,таки,PART,_,_,_,_,_,@vev1984f-word#@vev1984f#194.06#194.428
577,про,про,ADP,_,_,_,_,_,@vev1984f-word#@vev1984f#194.428#194.796
578,этот,этот,DET,_,Case=Acc|Gender=Masc|Number=Sing,_,_,_,@vev1984f-word#@vev1984f#194.796#195.164
579,пласт,пласт,NOUN,_,Animacy=Inan|Case=Acc|Gender=Masc|Number=Sing,_,_,_,@vev1984f-word#@vev1984f#195.164#195.532
580,людей,люди,NOUN,_,Animacy=Anim|Case=Gen|Number=Plur,_,_,_,@vev1984f-word#@vev1984f#195.532#195.912
581,а,а,CCONJ,_,_,_,_,_,@vev1984f-word#@vev1984f#197.255#197.623
582,знаешь,знать,VERB,_,Aspect=Imp|Mood=Ind|Number=Sing|Person=2|Tense=Pres|VerbForm=Fin|Voice=Act,_,_,_,@vev1984f-word#@vev1984f#197.623#197.991
583,как,как,ADV,_,Degree=Pos,_,_,_,@vev1984f-word#@vev1984f#197.991#198.359
584,если,если,SCONJ,_,_,_,_,_,@vev1984f-word#@vev1984f#198.359#198.727
585,берется,браться,VERB,_,Aspect=Imp|Mood=Ind|Number=Sing|Person=3|Tense=Pres|VerbForm=Fin|Voice=pass,_,_,_,@vev1984f-word#@vev1984f#198.727#199.095
586,такая,такой,DET,_,Case=Nom|Gender=Fem|Number=Sing,_,_,_,@vev1984f-word#@vev1984f#199.095#199.463
587,острая,острый,ADJ,_,Case=Nom|Degree=Pos|Gender=Fem|Number=Sing,_,_,_,@vev1984f-word#@vev1984f#199.463#199.831
588,тема,тема,NOUN,_,Animacy=Inan|Case=Nom|Gender=Fem|Number=Sing,_,_,_,@vev1984f-word#@vev1984f#199.831#200.199
589,о,о,ADP,_,_,_,_,_,@vev1984f-word#@vev1984f#200.199#200.567
590,которой,который,PRON,_,Case=Loc,_,_,_,@vev1984f-word#@vev1984f#200.567#200.935
591,ну,ну,PART,_,_,_,_,_,@vev1984f-word#@vev1984f#200.935#201.303
592,может,мочь,VERB,_,Aspect=Imp|Mood=Ind|Number=Sing|Person=3|Tense=Pres|VerbForm=Fin|Voice=Act,_,_,_,@vev1984f-word#@vev1984f#201.303#201.671
593,отчасти,отчасти,ADV,_,Degree=Pos,_,_,_,@vev1984f-word#@vev1984f#201.671#202.039
594,кого-то,кто-то,PRON,_,Case=Acc,_,_,_,@vev1984f-word#@vev1984f#202.039#202.407
595,задеть,задеть,VERB,_,Aspect=Perf|VerbForm=Inf|Voice=Act,_,_,_,@vev1984f-word#@vev1984f#202.407#202.775
596,/,/,PUNCT,_,_,_,_,_,@vev1984f-word#@vev1984f#202.775#203.143
597,если,если,SCONJ,_,_,_,_,_,@vev1984f-word#@vev1984f#203.143#203.511
598,ты,ты,PRON,_,Case=Nom|Number=Sing|Person=2,_,_,_,@vev1984f-word#@vev1984f#203.511#203.879
599,шутишь,шутить,VERB,_,Aspect=Imp|Mood=Ind|Number=Sing|Person=2|Tense=Pres|VerbForm=Fin|Voice=Act,_,_,_,@vev1984f-word#@vev1984f#203.879#204.247
600,/,/,PUNCT,_,_,_,_,_,@vev1984f-word#@vev1984f#204.247#204.615
601,в,в,ADP,_,_,_,_,_,@vev1984f-word#@vev1984f#204.615#204.983
602,такую,такой,DET,_,Case=Acc|Gender=Fem|Number=Sing,_,_,_,@vev1984f-word#@vev1984f#204.983#205.351
603,тему,тема,NOUN,_,Animacy=Inan|Case=Acc|Gender=Fem|Number=Sing,_,_,_,@vev1984f-word#@vev1984f#205.351#205.719
604,то,то,SCONJ,_,_,_,_,_,@vev1984f-word#@vev1984f#205.719#206.087
605,/,/,PUNCT,_,_,_,_,_,@vev1984f-word#@vev1984f#206.087#206.455
606,вероятность,вероятность,NOUN,_,Animacy=Inan|Case=Nom|Gender=Fem|Number=Sing,_,_,_,@vev1984f-word#@vev1984f#206.455#206.823
607,того,то,PRON,_,Animacy=Inan|Case=Gen|Gender=Neut|Number=Sing,_,_,_,@vev1984f-word#@vev1984f#206.823#207.191
608,что,что,SCONJ,_,_,_,_,_,@vev1984f-word#@vev1984f#207.191#207.559
609,будет,быть,AUX,_,Aspect=Imp|Mood=Ind|Number=Sing|Person=3|Tense=Pres|VerbForm=Fin|Voice=Act,_,_,_,@vev1984f-word#@vev1984f#207.559#207.927
610,большой,большой,ADJ,_,Case=Nom|Degree=Pos|Gender=Masc|Number=Sing,_,_,_,@vev1984f-word#@vev1984f#207.927#208.295
611,грандиозный,грандиозный,ADJ,_,Case=Nom|Degree=Pos|Gender=Masc|Number=Sing,_,_,_,@vev1984f-word#@vev1984f#208.295#208.663
612,скандал,скандал,NOUN,_,Animacy=Inan|Case=Nom|Gender=Masc|Number=Sing,_,_,_,@vev1984f-word#@vev1984f#208.663#209.031
613,мне,я,PRON,_,Case=Dat|Number=Sing|Person=1,_,_,_,@vev1984f-word#@vev1984f#209.031#209.399
614,кажется,казаться,VERB,_,Aspect=Imp|Mood=Ind|Number=Sing|Person=3|Tense=Pres|VerbForm=Fin|Voice=pass,_,_,_,@vev1984f-word#@vev1984f#209.399#209.767
615,чуть,чуть,ADV,_,Degree=Pos,_,_,_,@vev1984f-word#@vev1984f#209.767#210.135
616,меньше,мало,ADV,_,Degree=Pos,_,_,_,@vev1984f-word#@vev1984f#210.135#210.503
617,если,если,SCONJ,_,_,_,_,_,@vev1984f-word#@vev1984f#210.503#210.871
618,это,это,PRON,_,Animacy=Inan|Case=Nom|Gender=Neut|Number=Sing,_,_,_,@vev1984f-word#@vev1984f#210.871#211.239
619,будет,быть,AUX,_,Aspect=Imp|Mood=Ind|Number=Sing|Person=3|Tense=Pres|VerbForm=Fin|Voice=Act,_,_,_,@vev1984f-word#@vev1984f#211.239#211.607
620,очень,очень,ADV,_,Degree=Pos,_,_,_,@vev1984f-word#@vev1984f#211.607#211.975
621,смешно,смешной,ADV,_,Degree=Pos,_,_,_,@vev1984f-word#@vev1984f#211.975#212.357
622,вот,вот,PART,_,_,_,_,_,@vev1984f-word#@vev1984f#213.264#213.553
623,знаешь,знать,VERB,_,Aspect=Imp|Mood=Ind|Number=Sing|Person=2|Tense=Pres|VerbForm=Fin|Voice=Act,_,_,_,@vev1984f-word#@vev1984f#213.553#213.842
624,вот,вот,PART,_,_,_,_,_,@vev1984f-word#@vev1984f#213.842#214.131
625,если,если,SCONJ,_,_,_,_,_,@vev1984f-word#@vev1984f#214.131#214.42
626,это,это,PRON,_,Animacy=Inan|Case=Nom|Gender=Neut|Number=Sing,_,_,_,@vev1984f-word#@vev1984f#214.42#214.709
627,будет,быть,AUX,_,Aspect=Imp|Mood=Ind|Number=Sing|Person=3|Tense=Pres|VerbForm=Fin|Voice=Act,_,_,_,@vev1984f-word#@vev1984f#214.709#214.998
628,прям,прям,ADV,_,Animacy=Inan|Case=Dat|Gender=Neut|Number=Plur,_,_,_,@vev1984f-word#@vev1984f#214.998#215.287
629,оправданно,оправданно,ADV,_,Degree=Pos,_,_,_,@vev1984f-word#@vev1984f#215.287#215.576
630,смешно,смешной,ADJ,_,Degree=Pos,_,_,_,@vev1984f-word#@vev1984f#215.576#215.865
631,/,/,PUNCT,_,_,_,_,_,@vev1984f-word#@vev1984f#215.865#216.154
632,тогда,тогда,ADV,_,Degree=Pos,_,_,_,@vev1984f-word#@vev1984f#216.154#216.443
633,окей,окей,NOUN,_,Animacy=Inan|Case=Nom|Gender=Masc|Number=Sing,_,_,_,@vev1984f-word#@vev1984f#216.443#216.735
634,мне,я,PRON,_,Case=Dat|Number=Sing|Person=1,_,_,_,@vev1984f-word#@vev1984f#217.361#217.667
635,даже,даже,PART,_,_,_,_,_,@vev1984f-word#@vev1984f#217.667#217.973
636,кажется,казаться,VERB,_,Aspect=Imp|Mood=Ind|Number=Sing|Person=3|Tense=Pres|VerbForm=Fin|Voice=poss,_,_,_,@vev1984f-word#@vev1984f#217.973#218.279
637,что,что,SCONJ,_,_,_,_,_,@vev1984f-word#@vev1984f#218.279#218.585
638,можно,можно,ADV,_,Degree=Pos,_,_,_,@vev1984f-word#@vev1984f#218.585#218.891
639,убедить,убедить,VERB,_,Aspect=Perf|VerbForm=Inf|Voice=Act,_,_,_,@vev1984f-word#@vev1984f#218.891#219.2
640,эээ...,эээ,INTJ,_,_,_,_,_,@vev1984f-word#@vev1984f#219.795#220.215
641,наверняка,наверняка,ADV,_,Degree=Pos,_,_,_,@vev1984f-word#@vev1984f#221.466#221.818
642,есть,быть,VERB,_,Aspect=Imp|Mood=Ind|Number=Sing|Person=3|Tense=Pres|VerbForm=Fin|Voice=Act,_,_,_,@vev1984f-word#@vev1984f#221.818#222.17
643,человек,человек,NOUN,_,Animacy=Anim|Case=Nom|Gender=Masc|Number=Sing,_,_,_,@vev1984f-word#@vev1984f#222.17#222.522
644,знаешь,знать,VERB,_,Aspect=Imp|Mood=Ind|Number=Sing|Person=2|Tense=Pres|VerbForm=Fin|Voice=Act,_,_,_,@vev1984f-word#@vev1984f#222.522#222.874
645,матка,матка,NOUN,_,Animacy=Inan|Case=Nom|Gender=Fem|Number=Sing,_,_,_,@vev1984f-word#@vev1984f#222.874#223.226
646,цензуры,цензура,NOUN,_,Animacy=Inan|Case=Gen|Gender=Fem|Number=Sing,_,_,_,@vev1984f-word#@vev1984f#223.226#223.581
647,если,если,SCONJ,_,_,_,_,_,@vev1984f-word#@vev1984f#224.48#224.742
648,в,в,ADP,_,_,_,_,_,@vev1984f-word#@vev1984f#224.742#225.004
649,рамках,рамка,NOUN,_,Animacy=Inan|Case=Loc|Gender=Fem|Number=Plur,_,_,_,@vev1984f-word#@vev1984f#225.004#225.266
650,определенного,определенный,ADJ,_,Case=Gen|Degree=Pos|Gender=Masc|Number=Sing,_,_,_,@vev1984f-word#@vev1984f#225.266#225.528
651,номера,номер,NOUN,_,Animacy=Inan|Case=Gen|Gender=Masc|Number=Sing,_,_,_,@vev1984f-word#@vev1984f#225.528#225.79
652,можно,можно,ADV,_,Degree=Pos,_,_,_,@vev1984f-word#@vev1984f#225.79#226.052
653,вот,вот,PART,_,_,_,_,_,@vev1984f-word#@vev1984f#226.052#226.314
654,прям,прям,ADV,_,Degree=Pos,_,_,_,@vev1984f-word#@vev1984f#226.314#226.576
655,без,без,ADP,_,_,_,_,_,@vev1984f-word#@vev1984f#226.576#226.838
656,мата,мат,NOUN,_,Animacy=Inan|Case=Gen|Gender=Masc|Number=Sing,_,_,_,@vev1984f-word#@vev1984f#226.838#227.1
657,никуда,никуда,ADV,_,Degree=Pos,_,_,_,@vev1984f-word#@vev1984f#227.1#227.362
658,мне,я,PRON,_,Case=Dat|Number=Sing|Person=1,_,_,_,@vev1984f-word#@vev1984f#227.362#227.624
659,кажется,казаться,VERB,_,Aspect=Imp|Mood=Ind|Number=Sing|Person=3|Tense=Pres|VerbForm=Fin|Voice=poss,_,_,_,@vev1984f-word#@vev1984f#227.624#227.886
660,можно,можно,ADV,_,Degree=Pos,_,_,_,@vev1984f-word#@vev1984f#227.886#228.148
661,ему,он,PRON,_,Case=Dat|Gender=Masc|Number=Sing|Person=3,_,_,_,@vev1984f-word#@vev1984f#228.148#228.41
662,позвонить,звонить,VERB,_,Aspect=Perf|VerbForm=Inf|Voice=Act,_,_,_,@vev1984f-word#@vev1984f#228.41#228.672
663,и,и,CCONJ,_,_,_,_,_,@vev1984f-word#@vev1984f#228.672#228.934
664,можно,можно,ADV,_,Degree=Pos,_,_,_,@vev1984f-word#@vev1984f#228.934#229.196
665,его,он,PRON,_,Case=Acc|Gender=Masc|Number=Sing|Person=3,_,_,_,@vev1984f-word#@vev1984f#229.196#229.458
666,в,в,ADP,_,_,_,_,_,@vev1984f-word#@vev1984f#229.458#229.72
667,этом,этот,PRON,_,Animacy=Inan|Case=Loc|Gender=Neut|Number=Sing,_,_,_,@vev1984f-word#@vev1984f#229.72#229.982
668,убе...,убедить,VERB,_,Aspect=Perf|VerbForm=Inf|Voice=Act,_,_,_,@vev1984f-word#@vev1984f#229.982#230.244
669,это,это,PRON,_,Animacy=Inan|Case=Acc|Gender=Neut|Number=Sing,_,_,_,@vev1984f-word#@vev1984f#230.244#230.506
670,просто,просто,ADV,_,Degree=Pos,_,_,_,@vev1984f-word#@vev1984f#230.506#230.768
671,должно,должен,ADJ,_,Degree=Pos|Gender=Neut|Number=Sing|Variant=Short,_,_,_,@vev1984f-word#@vev1984f#230.768#231.03
672,быть,быть,AUX,_,Aspect=Imp|VerbForm=Inf|Voice=Act,_,_,_,@vev1984f-word#@vev1984f#231.03#231.292
673,очень,очень,ADV,_,Degree=Pos,_,_,_,@vev1984f-word#@vev1984f#231.292#231.554
674,сильно,сильно,ADV,_,Degree=Pos,_,_,_,@vev1984f-word#@vev1984f#231.554#231.816
675,смешно,смешной,ADV,_,Degree=Pos,_,_,_,@vev1984f-word#@vev1984f#231.816#232.081
676,если,если,SCONJ,_,_,_,_,_,@vev1984f-word#@vev1984f#233.5#233.809
677,тетка,тетка,NOUN,_,Animacy=Anim|Case=Nom|Gender=Fem|Number=Sing,_,_,_,@vev1984f-word#@vev1984f#233.809#234.118
678,матерится,материться,VERB,_,Aspect=Perf|Mood=Ind|Number=Sing|Person=3|Tense=Fut|VerbForm=Fin|Voice=act,_,_,_,@vev1984f-word#@vev1984f#234.118#234.427
679,в,в,ADP,_,_,_,_,_,@vev1984f-word#@vev1984f#234.427#234.736
680,кадре,кадр,NOUN,_,Animacy=Inan|Case=Loc|Gender=Masc|Number=Sing,_,_,_,@vev1984f-word#@vev1984f#234.736#235.045
681,это,это,PRON,_,Animacy=Inan|Case=Nom|Gender=Neut|Number=Sing,_,_,_,@vev1984f-word#@vev1984f#235.045#235.354
682,должно,должен,ADJ,_,Degree=Pos|Gender=Neut|Number=Sing|Variant=Short,_,_,_,@vev1984f-word#@vev1984f#235.354#235.663
683,быть,быть,AUX,_,Aspect=Imp|VerbForm=Inf|Voice=Act,_,_,_,@vev1984f-word#@vev1984f#235.663#235.972
684,очень,очень,ADV,_,Degree=Pos,_,_,_,@vev1984f-word#@vev1984f#235.972#236.281
685,сильно,сильно,ADV,_,Degree=Pos,_,_,_,@vev1984f-word#@vev1984f#236.281#236.59
686,смешно,смешно,ADV,_,Degree=Pos,_,_,_,@vev1984f-word#@vev1984f#236.59#236.906
687,не,не,PART,_,_,_,_,_,@vev1984f-word#@vev1984f#240.304#240.555
688,ну,ну,PART,_,_,_,_,_,@vev1984f-word#@vev1984f#240.555#240.806
689,мы,мы,PRON,_,Case=Nom|Number=Plur|Person=1,_,_,_,@vev1984f-word#@vev1984f#240.806#241.057
690,не,не,PART,_,_,_,_,_,@vev1984f-word#@vev1984f#241.057#241.308
691,шутим,шутить,VERB,_,Aspect=Imp|Mood=Ind|Number=Plur|Person=1|Tense=Pres|VerbForm=Fin|Voice=Act,_,_,_,@vev1984f-word#@vev1984f#241.308#241.559
692,на,на,ADP,_,_,_,_,_,@vev1984f-word#@vev1984f#241.559#241.81
693,политические,политический,ADJ,_,Animacy=Inan|Case=Acc|Degree=Pos|Number=Plur,_,_,_,@vev1984f-word#@vev1984f#241.81#242.061
694,темы,тема,NOUN,_,Animacy=Inan|Case=Acc|Gender=Fem|Number=Plur,_,_,_,@vev1984f-word#@vev1984f#242.061#242.317
695,да,да,PART,_,_,_,_,_,@vev1984f-word#@vev1984f#246.558#246.908
696,/,/,PUNCT,_,_,_,_,_,@vev1984f-word#@vev1984f#246.908#247.258
697,было,быть,VERB,_,Aspect=Imp|Gender=Neut|Mood=Ind|Number=Sing|Tense=Past|VerbForm=Fin|Voice=Act,_,_,_,@vev1984f-word#@vev1984f#247.258#247.608
698,/,/,PUNCT,_,_,_,_,_,@vev1984f-word#@vev1984f#247.608#247.958
699,было,быть,VERB,_,Aspect=Imp|Gender=Neut|Mood=Ind|Number=Sing|Tense=Past|VerbForm=Fin|Voice=Act,_,_,_,@vev1984f-word#@vev1984f#247.958#248.308
700,ну,ну,PART,_,_,_,_,_,@vev1984f-word#@vev1984f#248.308#248.658
701,а,а,CCONJ,_,_,_,_,_,@vev1984f-word#@vev1984f#248.658#249.008
702,что,что,SCONJ,_,_,_,_,_,@vev1984f-word#@vev1984f#249.008#249.358
703,аа,аа,INTJ,_,_,_,_,_,@vev1984f-word#@vev1984f#251.355#251.954
704,да,да,PART,_,_,_,_,_,@vev1984f-word#@vev1984f#251.954#252.553
705,/,/,PUNCT,_,_,_,_,_,@vev1984f-word#@vev1984f#252.553#253.152
706,да,да,PART,_,_,_,_,_,@vev1984f-word#@vev1984f#253.152#253.751
707,/,/,PUNCT,_,_,_,_,_,@vev1984f-word#@vev1984f#253.751#254.35
708,нуу,ну,PART,_,_,_,_,_,@vev1984f-word#@vev1984f#254.35#254.949
709,тут,тут,ADV,_,Degree=Pos,_,_,_,@vev1984f-word#@vev1984f#254.949#255.548
710,/,/,PUNCT,_,_,_,_,_,@vev1984f-word#@vev1984f#255.548#256.147
711,п-п-понимаешь,п-п-понимать,VERB,_,Aspect=Imp|Mood=Ind|Number=Sing|Person=2|Tense=Pres|VerbForm=Fin|Voice=Act,_,_,_,@vev1984f-word#@vev1984f#256.147#256.746
712,эээ,эээ,INTJ,_,_,_,_,_,@vev1984f-word#@vev1984f#256.746#257.345
713,да,да,PART,_,_,_,_,_,@vev1984f-word#@vev1984f#258.609#258.771
714,бог,бог,NOUN,_,Animacy=Anim|Case=Nom|Gender=Masc|Number=Sing,_,_,_,@vev1984f-word#@vev1984f#258.771#258.933
715,с,с,ADP,_,_,_,_,_,@vev1984f-word#@vev1984f#258.933#259.095
716,ним,он,PRON,_,Case=Ins|Gender=Masc|Number=Sing|Person=3,_,_,_,@vev1984f-word#@vev1984f#259.095#259.257
717,было,быть,AUX,_,Aspect=Imp|Gender=Neut|Mood=Ind|Number=Sing|Tense=Past|VerbForm=Fin|Voice=Act,_,_,_,@vev1984f-word#@vev1984f#259.257#259.419
718,и,и,CCONJ,_,_,_,_,_,@vev1984f-word#@vev1984f#259.419#259.581
719,было,быть,AUX,_,Aspect=Imp|Gender=Neut|Mood=Ind|Number=Sing|Tense=Past|VerbForm=Fin|Voice=Act,_,_,_,@vev1984f-word#@vev1984f#259.581#259.745
720,есть,быть,VERB,_,Aspect=Imp|Mood=Ind|Number=Plur|Person=3|Tense=Pres|VerbForm=Fin|Voice=Act,_,_,_,@vev1984f-word#@vev1984f#280.945#281.254
721,эээ,эээ,INTJ,_,_,_,_,_,@vev1984f-word#@vev1984f#281.254#281.563
722,вещи,вещь,NOUN,_,Animacy=Inan|Case=Nom|Gender=Fem|Number=Plur,_,_,_,@vev1984f-word#@vev1984f#281.563#281.872
723,о,о,ADP,_,_,_,_,_,@vev1984f-word#@vev1984f#281.872#282.181
724,которых,который,PRON,_,Case=Loc,_,_,_,@vev1984f-word#@vev1984f#282.181#282.49
725,мы,мы,PRON,_,Case=Nom|Number=Plur|Person=1,_,_,_,@vev1984f-word#@vev1984f#282.49#282.799
726,не,не,PART,_,_,_,_,_,@vev1984f-word#@vev1984f#282.799#283.108
727,можем,мочь,VERB,_,Aspect=Imp|Mood=Ind|Number=Plur|Person=1|Tense=Pres|VerbForm=Fin|Voice=Act,_,_,_,@vev1984f-word#@vev1984f#283.108#283.417
728,мы,мы,PRON,_,Case=Nom|Number=Plur|Person=1,_,_,_,@vev1984f-word#@vev1984f#283.417#283.726
729,не,не,PART,_,_,_,_,_,@vev1984f-word#@vev1984f#283.726#284.035
730,можем,мочь,VERB,_,Aspect=Imp|Mood=Ind|Number=Plur|Person=1|Tense=Pres|VerbForm=Fin|Voice=Act,_,_,_,@vev1984f-word#@vev1984f#284.035#284.344
731,их,они,PRON,_,Case=Gen|Number=Plur|Person=3,_,_,_,@vev1984f-word#@vev1984f#284.344#284.653
732,предвидеть,предвидеть,VERB,_,Aspect=Imp|VerbForm=Inf|Voice=Act,_,_,_,@vev1984f-word#@vev1984f#284.653#284.962
733,заранее,заранее,ADV,_,Degree=Pos,_,_,_,@vev1984f-word#@vev1984f#284.962#285.271
734,/,/,PUNCT,_,_,_,_,_,@vev1984f-word#@vev1984f#285.271#285.58
735,понять,понять,VERB,_,Aspect=Perf|VerbForm=Inf|Voice=Act,_,_,_,@vev1984f-word#@vev1984f#285.58#285.889
736,заранее,заранее,ADV,_,Degree=Pos,_,_,_,@vev1984f-word#@vev1984f#285.889#286.198
737,эээ,эээ,INTJ,_,Foreign=Yes,_,_,_,@vev1984f-word#@vev1984f#286.198#286.507
738,и,и,CCONJ,_,_,_,_,_,@vev1984f-word#@vev1984f#286.507#286.816
739,все,весь,DET,_,Case=Acc|Number=Plur,_,_,_,@vev1984f-word#@vev1984f#286.816#287.125
740,что,что,SCONJ,_,_,_,_,_,@vev1984f-word#@vev1984f#287.125#287.434
741,мы,мы,PRON,_,Case=Nom|Number=Plur|Person=1,_,_,_,@vev1984f-word#@vev1984f#287.434#287.743
742,делаем,делать,VERB,_,Aspect=Imp|Mood=Ind|Number=Plur|Person=1|Tense=Pres|VerbForm=Fin|Voice=Act,_,_,_,@vev1984f-word#@vev1984f#287.743#288.052
743,мы,мы,PRON,_,Case=Nom|Number=Plur|Person=1,_,_,_,@vev1984f-word#@vev1984f#288.052#288.361
744,делаем,делать,VERB,_,Aspect=Imp|Mood=Ind|Number=Plur|Person=1|Tense=Pres|VerbForm=Fin|Voice=Act,_,_,_,@vev1984f-word#@vev1984f#288.361#288.67
745,без,без,ADP,_,_,_,_,_,@vev1984f-word#@vev1984f#288.67#288.979
746,злого,злой,ADJ,_,Case=Gen|Degree=Pos|Gender=Mas|Number=Sing,_,_,_,@vev1984f-word#@vev1984f#288.979#289.288
747,умысла,умысел,NOUN,_,Animacy=Inan|Case=Gen|Gender=Mas|Number=Sing,_,_,_,@vev1984f-word#@vev1984f#289.288#289.597
748,это,это,PRON,_,Animacy=Inan|Case=Nom|Gender=Neut|Number=Sing,_,_,_,@vev1984f-word#@vev1984f#289.597#289.906
749,очень,очень,ADV,_,Degree=Pos,_,_,_,@vev1984f-word#@vev1984f#289.906#290.215
750,важно,важный,ADV,_,Degree=Pos,_,_,_,@vev1984f-word#@vev1984f#290.215#290.524
751,/,/,PUNCT,_,_,_,_,_,@vev1984f-word#@vev1984f#290.524#290.833
752,мы,мы,PRON,_,Case=Nom|Number=Plur|Person=1,_,_,_,@vev1984f-word#@vev1984f#290.833#291.142
753,никого,никто,PRON,_,Case=Gen,_,_,_,@vev1984f-word#@vev1984f#291.142#291.451
754,не,не,PART,_,_,_,_,_,@vev1984f-word#@vev1984f#291.451#291.76
755,хотим,хотеть,VERB,_,Aspect=Imp|Mood=Ind|Number=Plur|Person=1|Tense=Pres|VerbForm=Fin|Voice=Act,_,_,_,@vev1984f-word#@vev1984f#291.76#292.069
756,обидеть,обидеть,VERB,_,Aspect=Perf|VerbForm=Inf|Voice=Act,_,_,_,@vev1984f-word#@vev1984f#292.069#292.378
757,ни,ни,PART,_,Polarity=Neg,_,_,_,@vev1984f-word#@vev1984f#292.378#292.687
758,в,в,ADP,_,_,_,_,_,@vev1984f-word#@vev1984f#292.687#292.996
759,коем,кой,DET,_,Case=Loc|Gender=Masc|Number=Sing,_,_,_,@vev1984f-word#@vev1984f#292.996#293.305
760,случае,случай,NOUN,_,Animacy=Inan|Case=Loc|Gender=Masc|Number=Sing,_,_,_,@vev1984f-word#@vev1984f#293.305#293.614
761,мы,мы,PRON,_,Case=Nom|Number=Plur|Person=1,_,_,_,@vev1984f-word#@vev1984f#293.614#293.923
762,никого,никто,PRON,_,Case=Gen,_,_,_,@vev1984f-word#@vev1984f#293.923#294.232
763,не,не,PART,_,_,_,_,_,@vev1984f-word#@vev1984f#294.232#294.541
764,хотим,хотеть,VERB,_,Aspect=Imp|Mood=Ind|Number=Plur|Person=1|Tense=Pres|VerbForm=Fin|Voice=Act,_,_,_,@vev1984f-word#@vev1984f#294.541#294.85
765,тыкнуть,тыкнуть,VERB,_,Aspect=Imp|VerbForm=Inf|Voice=Act,_,_,_,@vev1984f-word#@vev1984f#294.85#295.159
766,во,в,ADP,_,_,_,_,_,@vev1984f-word#@vev1984f#295.159#295.468
767,что-то,что-то,PRON,_,Case=Acc,_,_,_,@vev1984f-word#@vev1984f#295.468#295.777
768,носом,нос,NOUN,_,Animacy=Inan|Case=Ins|Gender=Masc|Number=Sing,_,_,_,@vev1984f-word#@vev1984f#295.777#296.086
769,нет,нет,PART,_,_,_,_,_,@vev1984f-word#@vev1984f#296.086#296.395
770,/,/,PUNCT,_,_,_,_,_,@vev1984f-word#@vev1984f#296.395#296.704
771,мы,мы,PRON,_,Case=Nom|Number=Plur|Person=1,_,_,_,@vev1984f-word#@vev1984f#296.704#297.013
772,все,все,PRON,_,Animacy=Inan|Case=Acc|Gender=Neut|Number=Sing,_,_,_,@vev1984f-word#@vev1984f#297.013#297.322
773,делаем,делать,VERB,_,Aspect=Imp|Mood=Ind|Number=Plur|Person=1|Tense=Pres|VerbForm=Fin|Voice=Act,_,_,_,@vev1984f-word#@vev1984f#297.322#297.631
774,ради,ради,ADP,_,_,_,_,_,@vev1984f-word#@vev1984f#297.631#297.94
775,юмора,юмор,NOUN,_,Animacy=Inan|Case=Gen|Gender=Masc|Number=Sing,_,_,_,@vev1984f-word#@vev1984f#297.94#298.249
776,ради,ради,ADP,_,_,_,_,_,@vev1984f-word#@vev1984f#298.249#298.558
777,себя,себя,PRON,_,Case=Acc,_,_,_,@vev1984f-word#@vev1984f#298.558#298.867
778,в,в,ADP,_,_,_,_,_,@vev1984f-word#@vev1984f#298.867#299.176
779,юморе,юмор,NOUN,_,Animacy=Inan|Case=Loc|Gender=Masc|Number=Sing,_,_,_,@vev1984f-word#@vev1984f#299.176#299.485
780,и,и,CCONJ,_,_,_,_,_,@vev1984f-word#@vev1984f#299.485#299.794
781,вообще,вообще,ADV,_,Degree=Pos,_,_,_,@vev1984f-word#@vev1984f#299.794#300.103
782,эээ,эээ,INTJ,_,_,_,_,_,@vev1984f-word#@vev1984f#300.103#300.412
783,мне,я,PRON,_,Case=Dat|Number=Sing|Person=1,_,_,_,@vev1984f-word#@vev1984f#300.412#300.721
784,безумно,безумно,ADV,_,Degree=Pos,_,_,_,@vev1984f-word#@vev1984f#300.721#301.03
785,нравится,нравиться,VERB,_,Aspect=Imp|Mood=Ind|Number=Sing|Person=3|Tense=Pres|VerbForm=Fin|Voice=poss,_,_,_,@vev1984f-word#@vev1984f#301.03#301.339
786,то,то,SCONJ,_,_,_,_,_,@vev1984f-word#@vev1984f#301.339#301.648
787,чем,что,PRON,_,Case=Ins,_,_,_,@vev1984f-word#@vev1984f#301.648#301.957
788,мы,мы,PRON,_,Case=Nom|Number=Plur|Person=1,_,_,_,@vev1984f-word#@vev1984f#301.957#302.266
789,занимаемся,заниматься,VERB,_,Aspect=Imp|Mood=Ind|Number=Plur|Person=1|Tense=Pres|VerbForm=Fin|Voice=act,_,_,_,@vev1984f-word#@vev1984f#302.266#302.575
790,потому,потому,ADV,_,Degree=Pos,_,_,_,@vev1984f-word#@vev1984f#302.575#302.884
791,что,что,SCONJ,_,_,_,_,_,@vev1984f-word#@vev1984f#302.884#303.193
792,мы,мы,PRON,_,Case=Nom|Number=Plur|Person=1,_,_,_,@vev1984f-word#@vev1984f#303.193#303.502
793,в,в,ADP,_,_,_,_,_,@vev1984f-word#@vev1984f#303.502#303.811
794,первую,первый,ADJ,_,Animacy=Inan|Case=Acc|Gender=Fem|Number=Sing,_,_,_,@vev1984f-word#@vev1984f#303.811#304.12
795,очередь,очередь,NOUN,_,Animacy=Inan|Case=Acc|Gender=Fem|Number=Sing,_,_,_,@vev1984f-word#@vev1984f#304.12#304.429
796,высмеиваем,высмеивать,VERB,_,Aspect=Imp|Mood=Ind|Number=Plur|Person=1|Tense=Pres|VerbForm=Fin|Voice=Act,_,_,_,@vev1984f-word#@vev1984f#304.429#304.738
797,себя,себя,PRON,_,Case=Acc,_,_,_,@vev1984f-word#@vev1984f#304.738#305.047
798,и,и,CCONJ,_,_,_,_,_,@vev1984f-word#@vev1984f#305.047#305.356
799,ты,ты,PRON,_,Case=Nom|Number=Sing|Person=2,_,_,_,@vev1984f-word#@vev1984f#305.356#305.665
800,знаешь,знать,VERB,_,Aspect=Imp|Mood=Ind|Number=Sing|Person=2|Tense=Pres|VerbForm=Fin|Voice=Act,_,_,_,@vev1984f-word#@vev1984f#305.665#305.974
801,у,у,ADP,_,_,_,_,_,@vev1984f-word#@vev1984f#305.974#306.283
802,нас,мы,PRON,_,Case=Gen|Number=Plur|Person=1,_,_,_,@vev1984f-word#@vev1984f#306.283#306.592
803,очень,очень,ADV,_,Degree=Pos,_,_,_,@vev1984f-word#@vev1984f#306.592#306.901
804,много,много,ADV,_,Degree=Pos,_,_,_,@vev1984f-word#@vev1984f#306.901#307.21
805,было,быть,VERB,_,Aspect=Imp|Gender=Neut|Mood=Ind|Number=Sing|Tense=Past|VerbForm=Fin|Voice=Act,_,_,_,@vev1984f-word#@vev1984f#307.21#307.519
806,таких,такой,DET,_,Case=Gen|Number=Plur,_,_,_,@vev1984f-word#@vev1984f#307.519#307.828
807,точечных,точечный,ADJ,_,Case=Gen|Degree=Pos|Number=Plur,_,_,_,@vev1984f-word#@vev1984f#307.828#308.137
808,авторских,авторский,ADJ,_,Case=Gen|Degree=Pos|Number=Plur,_,_,_,@vev1984f-word#@vev1984f#308.137#308.446
809,попаданий,попадание,NOUN,_,Animacy=Inan|Case=Gen|Gender=Neut|Number=Plur,_,_,_,@vev1984f-word#@vev1984f#308.446#308.755
810,когда,когда,SCONJ,_,_,_,_,_,@vev1984f-word#@vev1984f#308.755#309.064
811,вот,вот,PART,_,_,_,_,_,@vev1984f-word#@vev1984f#309.064#309.373
812,у,у,ADP,_,_,_,_,_,@vev1984f-word#@vev1984f#309.373#309.682
813,нас,мы,PRON,_,Case=Gen|Number=Plur|Person=1,_,_,_,@vev1984f-word#@vev1984f#309.682#309.991
814,в,в,ADP,_,_,_,_,_,@vev1984f-word#@vev1984f#309.991#310.3
815,жизни,жизнь,NOUN,_,Animacy=Inan|Case=Loc|Gender=Fem|Number=Sing,_,_,_,@vev1984f-word#@vev1984f#310.3#310.609
816,происходит,происходить,VERB,_,Aspect=Imp|Mood=Ind|Number=Sing|Person=3|Tense=Pres|VerbForm=Fin|Voice=Act,_,_,_,@vev1984f-word#@vev1984f#310.609#310.918
817,какая-то,какой-то,DET,_,Case=Nom|Gender=Fem|Number=Sing,_,_,_,@vev1984f-word#@vev1984f#310.918#311.227
818,ситуация,ситуация,NOUN,_,Animacy=Inan|Case=Nom|Gender=Fem|Number=Sing,_,_,_,@vev1984f-word#@vev1984f#311.227#311.536
819,они,они,PRON,_,Case=Nom|Number=Plur|Person=3,_,_,_,@vev1984f-word#@vev1984f#311.536#311.845
820,берут,брать,VERB,_,Aspect=Imp|Mood=Ind|Number=Plur|Person=3|Tense=Pres|VerbForm=Fin|Voice=Act,_,_,_,@vev1984f-word#@vev1984f#311.845#312.154
821,и,и,CCONJ,_,_,_,_,_,@vev1984f-word#@vev1984f#312.154#312.463
822,пишут,писать,VERB,_,Aspect=Imp|Mood=Ind|Number=Plur|Person=3|Tense=Pres|VerbForm=Fin|Voice=Act,_,_,_,@vev1984f-word#@vev1984f#312.463#312.772
823,на,на,ADP,_,_,_,_,_,@vev1984f-word#@vev1984f#312.772#313.081
824,этом,это,PRON,_,Animacy=Inan|Case=Loc|Gender=Neut|Number=Sing,_,_,_,@vev1984f-word#@vev1984f#313.081#313.39
825,на,на,ADP,_,_,_,_,_,@vev1984f-word#@vev1984f#313.39#313.699
826,номер,номер,NOUN,_,Animacy=Inan|Case=Acc|Gender=Masc|Number=Sing,_,_,_,@vev1984f-word#@vev1984f#313.699#314.008
827,и,и,CCONJ,_,_,_,_,_,@vev1984f-word#@vev1984f#314.008#314.317
828,мы,мы,PRON,_,Case=Nom|Number=Plur|Person=1,_,_,_,@vev1984f-word#@vev1984f#314.317#314.626
829,умираем,умирать,VERB,_,Aspect=Imp|Mood=Ind|Number=Plur|Person=1|Tense=Pres|VerbForm=Fin|Voice=Act,_,_,_,@vev1984f-word#@vev1984f#314.626#314.935
830,с,с,ADP,_,_,_,_,_,@vev1984f-word#@vev1984f#314.935#315.244
831,хохоту,хохот,NOUN,_,Animacy=Inan|Case=Acc|Gender=Fem|Number=Sing,_,_,_,@vev1984f-word#@vev1984f#315.244#315.553
832,потому,потому,ADV,_,Degree=Pos,_,_,_,@vev1984f-word#@vev1984f#315.553#315.862
833,что,что,SCONJ,_,_,_,_,_,@vev1984f-word#@vev1984f#315.862#316.171
834,это,это,PRON,_,Animacy=Inan|Case=Nom|Gender=Neut|Number=Sing,_,_,_,@vev1984f-word#@vev1984f#316.171#316.48
835,было,быть,VERB,_,Aspect=Imp|Gender=Neut|Mood=Ind|Number=Sing|Tense=Past|VerbForm=Fin|Voice=Act,_,_,_,@vev1984f-word#@vev1984f#316.48#316.789
836,реально,реальный,ADV,_,Degree=Pos|,_,_,_,@vev1984f-word#@vev1984f#316.789#317.098
837,и,и,CCONJ,_,_,_,_,_,@vev1984f-word#@vev1984f#317.098#317.407
838,мы,мы,PRON,_,Case=Nom|Number=Plur|Person=1,_,_,_,@vev1984f-word#@vev1984f#317.407#317.716
839,там,там,ADV,_,Degree=Pos,_,_,_,@vev1984f-word#@vev1984f#317.716#318.025
840,в,в,ADP,_,_,_,_,_,@vev1984f-word#@vev1984f#318.025#318.334
841,той,тот,DET,_,Case=Loc|Gender=Fem|Number=Sing,_,_,_,@vev1984f-word#@vev1984f#318.334#318.643
842,или,или,CCONJ,_,_,_,_,_,@vev1984f-word#@vev1984f#318.643#318.952
843,иной,иной,ADJ,_,Case=Loc|Degree=Pos|Gender=Fem|Number=Sing,_,_,_,@vev1984f-word#@vev1984f#318.952#319.261
844,ситуации,ситуация,NOUN,_,Animacy=Inan|Case=Loc|Gender=Fem|Number=Sing,_,_,_,@vev1984f-word#@vev1984f#319.261#319.57
845,я,я,PRON,_,Case=Nom|Number=Sing|Person=1,_,_,_,@vev1984f-word#@vev1984f#319.57#319.879
846,была,быть,VERB,_,Aspect=Imp|Gender=Fem|Mood=Ind|Number=Sing|Tense=Past|VerbForm=Fin|Voice=Act,_,_,_,@vev1984f-word#@vev1984f#319.879#320.188
847,идиоткой,идиотка,NOUN,_,Case=Ins|Degree=Pos|Gender=Fem|Number=Sing,_,_,_,@vev1984f-word#@vev1984f#320.188#320.497
848,и,и,CCONJ,_,_,_,_,_,@vev1984f-word#@vev1984f#320.497#320.806
849,они,они,PRON,_,Case=Nom|Number=Plur|Person=3,_,_,_,@vev1984f-word#@vev1984f#320.806#321.115
850,об,о,ADP,_,_,_,_,_,@vev1984f-word#@vev1984f#321.115#321.424
851,этом,это,PRON,_,Animacy=Inan|Case=Loc|Gender=Neut|Number=Sing,_,_,_,@vev1984f-word#@vev1984f#321.424#321.733
852,написали,написать,VERB,_,Aspect=Perf|Mood=Ind|Number=Plur|Tense=Past|VerbForm=Fin|Voice=Act,_,_,_,@vev1984f-word#@vev1984f#321.733#322.042
853,/,/,PUNCT,_,_,_,_,_,@vev1984f-word#@vev1984f#322.042#322.351
854,очень,очень,ADV,_,Degree=Pos,_,_,_,@vev1984f-word#@vev1984f#322.351#322.66
855,круто,круто,ADV,_,Degree=Pos,_,_,_,@vev1984f-word#@vev1984f#322.66#323.06
856,когда,когда,SCONJ,_,_,_,_,_,@vev1984f-word#@vev1984f#324.356#324.728
857,эээ,эээ,INTJ,_,_,_,_,_,@vev1984f-word#@vev1984f#324.728#325.1
858,проблема,проблема,NOUN,_,Animacy=Inan|Case=Nom|Gender=Fem|Number=Sing,_,_,_,@vev1984f-word#@vev1984f#325.1#325.472
859,/,/,PUNCT,_,_,_,_,_,@vev1984f-word#@vev1984f#325.472#325.844
860,когда,когда,ADV,_,Degree=Pos,_,_,_,@vev1984f-word#@vev1984f#325.844#326.216
861,это,это,PRON,_,Animacy=Inan|Case=Nom|Gender=Neut|Number=Sing,_,_,_,@vev1984f-word#@vev1984f#326.216#326.588
862,все,все,DET,_,Case=Nom|Gender=Neut|Number=Sing,_,_,_,@vev1984f-word#@vev1984f#326.588#326.96
863,перерастает,перерастать,VERB,_,Aspect=Imp|Mood=Ind|Number=Sing|Person=3|Tense=Pres|VerbForm=Fin|Voice=Act,_,_,_,@vev1984f-word#@vev1984f#326.96#327.332
864,в,в,ADP,_,_,_,_,_,@vev1984f-word#@vev1984f#327.332#327.704
865,проблему,проблема,NOUN,_,Animacy=Inan|Case=Acc|Gender=Fem|Number=Sing,_,_,_,@vev1984f-word#@vev1984f#327.704#328.076
866,и,и,CCONJ,_,_,_,_,_,@vev1984f-word#@vev1984f#328.076#328.448
867,уже,уже,ADV,_,Degree=Pos,_,_,_,@vev1984f-word#@vev1984f#328.448#328.82
868,становится,становиться,VERB,_,Aspect=Imp|Mood=Ind|Number=Sing|Person=3|Tense=Pres|VerbForm=Fin|Voice=Mid,_,_,_,@vev1984f-word#@vev1984f#328.82#329.192
869,всем,весь,PRON,_,Animacy=Anim|Case=Dat|Number=Plur,_,_,_,@vev1984f-word#@vev1984f#329.192#329.564
870,несмешно,несмешный,ADJ,_,Degree=Pos|Gender=Neut|Number=Sing|Variant=Short,_,_,_,@vev1984f-word#@vev1984f#329.564#329.936
871,то,то,SCONJ,_,_,_,_,_,@vev1984f-word#@vev1984f#329.936#330.308
872,это,это,PRON,_,Animacy=Inan|Case=Nom|Gender=Neut|Number=Sing,_,_,_,@vev1984f-word#@vev1984f#330.308#330.68
873,конечно,конечно,ADV,_,Degree=Pos,_,_,_,@vev1984f-word#@vev1984f#330.68#331.052
874,наша,наш,DET,_,Case=Nom|Gender=Fem|Number=Sing,_,_,_,@vev1984f-word#@vev1984f#331.052#331.424
875,в,в,ADP,_,_,_,_,_,@vev1984f-word#@vev1984f#331.424#331.796
876,первую,первый,ADJ,_,Case=Acc|Gender=Fem|Number=Sing,_,_,_,@vev1984f-word#@vev1984f#331.796#332.168
877,очередь,очередь,NOUN,_,Animacy=Inan|Case=Acc|Gender=Fem|Number=Sing,_,_,_,@vev1984f-word#@vev1984f#332.168#332.54
878,проблема,проблема,NOUN,_,Animacy=Inan|Case=Nom|Gender=Fem|Number=Sing,_,_,_,@vev1984f-word#@vev1984f#332.54#332.912
879,/,/,PUNCT,_,_,_,_,_,@vev1984f-word#@vev1984f#332.912#333.284
880,и,и,CCONJ,_,_,_,_,_,@vev1984f-word#@vev1984f#333.284#333.656
881,мы,мы,PRON,_,Case=Nom|Number=Plur|Person=1,_,_,_,@vev1984f-word#@vev1984f#333.656#334.028
882,конечно,конечно,ADV,_,Degree=Pos,_,_,_,@vev1984f-word#@vev1984f#334.028#334.4
883,сетуем,сетовать,VERB,_,Aspect=Imp|Mood=Ind|Number=Plur|Person=1|Tense=Pres|VerbForm=Fin|Voice=Act,_,_,_,@vev1984f-word#@vev1984f#334.4#334.772
884,и,и,CCONJ,_,_,_,_,_,@vev1984f-word#@vev1984f#334.772#335.144
885,переживаем,переживать,VERB,_,Aspect=Imp|Mood=Ind|Number=Plur|Person=1|Tense=Pres|VerbForm=Fin|Voice=Act,_,_,_,@vev1984f-word#@vev1984f#335.144#335.516
886,очень,очень,ADV,_,Degree=Pos,_,_,_,@vev1984f-word#@vev1984f#335.516#335.888
887,сильно,сильно,ADV,_,Degree=Pos,_,_,_,@vev1984f-word#@vev1984f#335.888#336.26
888,из-за,из-за,ADP,_,_,_,_,_,@vev1984f-word#@vev1984f#336.26#336.632
889,того,то,PRON,_,Animacy=Inan|Case=Gen|Gender=Neut|Number=Sing,_,_,_,@vev1984f-word#@vev1984f#336.632#337.004
890,что,что,SCONJ,_,_,_,_,_,@vev1984f-word#@vev1984f#337.004#337.376
891,как,как,ADV,_,Degree=Pos,_,_,_,@vev1984f-word#@vev1984f#337.376#337.748
892,мы,мы,PRON,_,Case=Nom|Number=Plur|Person=1,_,_,_,@vev1984f-word#@vev1984f#337.748#338.12
893,могли,мочь,VERB,_,Aspect=Imp|Mood=Ind|Number=Plur|Tense=Past|VerbForm=Fin|Voice=Act,_,_,_,@vev1984f-word#@vev1984f#338.12#338.492
894,это,это,PRON,_,Animacy=Inan|Case=Acc|Gender=Neut|Number=Sing,_,_,_,@vev1984f-word#@vev1984f#338.492#338.864
895,не,не,PART,_,_,_,_,_,@vev1984f-word#@vev1984f#338.864#339.236
896,предвидеть,предвидеть,VERB,_,Aspect=Imp|VerbForm=Inf|Voice=Act,_,_,_,@vev1984f-word#@vev1984f#339.236#339.608
897,и,и,CCONJ,_,_,_,_,_,@vev1984f-word#@vev1984f#339.608#339.98
898,как,как,ADV,_,Degree=Pos,_,_,_,@vev1984f-word#@vev1984f#339.98#340.352
899,мы,мы,PRON,_,Case=Nom|Number=Plur|Person=1,_,_,_,@vev1984f-word#@vev1984f#340.352#340.724
900,могли,мочь,VERB,_,Aspect=Imp|Mood=Ind|Number=Plur|Tense=Past|VerbForm=Fin|Voice=Act,_,_,_,@vev1984f-word#@vev1984f#340.724#341.096
901,об,о,ADP,_,_,_,_,_,@vev1984f-word#@vev1984f#341.096#341.468
902,этом,это,PRON,_,Animacy=Inan|Case=Loc|Gender=Neut|Number=Sing,_,_,_,@vev1984f-word#@vev1984f#341.468#341.84
903,не,не,PART,_,_,_,_,_,@vev1984f-word#@vev1984f#341.84#342.212
904,подумать,подумать,VERB,_,Aspect=Perf|VerbForm=Inf|Voice=Act,_,_,_,@vev1984f-word#@vev1984f#342.212#342.584
905,заранее,заранее,ADV,_,Degree=Pos,_,_,_,@vev1984f-word#@vev1984f#342.584#342.985
906,потому,потому,ADV,_,Degree=Pos,_,_,_,@vev1984f-word#@vev1984f#344.253#344.621
907,что,что,SCONJ,_,_,_,_,_,@vev1984f-word#@vev1984f#344.621#344.989
908,все,все,PRON,_,Animacy=anim|Case=nom|Number=Sing,_,_,_,@vev1984f-word#@vev1984f#344.989#345.357
909,творческие,творческий,ADJ,_,Case=Nom|Degree=Pos|Number=Plur,_,_,_,@vev1984f-word#@vev1984f#345.357#345.725
910,знаешь,знать,VERB,_,Aspect=Imp|Mood=Ind|Number=Sing|Person=2|Tense=Pres|VerbForm=Fin|Voice=Act,_,_,_,@vev1984f-word#@vev1984f#345.725#346.093
911,все,все,PRON,_,Animacy=anim|Case=nom|Number=Sing,_,_,_,@vev1984f-word#@vev1984f#346.093#346.461
912,находятся,находиться,VERB,_,Aspect=Imp|Mood=Ind|Number=Plur|Person=3|Tense=Pres|VerbForm=Fin|Voice=Mid,_,_,_,@vev1984f-word#@vev1984f#346.461#346.829
913,в,в,ADP,_,_,_,_,_,@vev1984f-word#@vev1984f#346.829#347.197
914,таком,такой,DET,_,Case=Loc|Gender=Neut|Number=Sing,_,_,_,@vev1984f-word#@vev1984f#347.197#347.565
915,состоянии,состояние,NOUN,_,Animacy=Inan|Case=Loc|Gender=Neut|Number=Sing,_,_,_,@vev1984f-word#@vev1984f#347.565#347.933
916,/,/,PUNCT,_,_,_,_,_,@vev1984f-word#@vev1984f#347.933#348.301
917,такой,такой,DET,_,Case=Gen|Gender=Fem|Number=Sing,_,_,_,@vev1984f-word#@vev1984f#348.301#348.669
918,эйфории,эйфория,NOUN,_,Animacy=Inan|Case=Gen|Gender=Fem|Number=Sing,_,_,_,@vev1984f-word#@vev1984f#348.669#349.037
919,творческой,творческий,ADJ,_,Case=Gen|Degree=Pos|Gender=Fem|Number=Sing,_,_,_,@vev1984f-word#@vev1984f#349.037#349.405
920,и,и,CCONJ,_,_,_,_,_,@vev1984f-word#@vev1984f#349.405#349.773
921,когда,когда,SCONJ,_,_,_,_,_,@vev1984f-word#@vev1984f#349.773#350.141
922,происходит,происходить,VERB,_,Aspect=Imp|Mood=Ind|Number=Sing|Person=3|Tense=Pres|VerbForm=Fin|Voice=Act,_,_,_,@vev1984f-word#@vev1984f#350.141#350.509
923,что,что,PRON,_,Case=Nom,_,_,_,@vev1984f-word#@vev1984f#350.509#350.877
924,происходит,происходить,VERB,_,Aspect=Imp|Mood=Ind|Number=Sing|Person=3|Tense=Pres|VerbForm=Fin|Voice=Act,_,_,_,@vev1984f-word#@vev1984f#350.877#351.245
925,конечно,конечно,ADV,_,Degree=Pos,_,_,_,@vev1984f-word#@vev1984f#351.245#351.613
926,/,/,PUNCT,_,_,_,_,_,@vev1984f-word#@vev1984f#351.613#351.981
927,подкусываешь,подкусывать,VERB,_,Aspect=Imp|Mood=Ind|Number=Sing|Person=2|Tense=Pres|VerbForm=Fin|Voice=Act,_,_,_,@vev1984f-word#@vev1984f#351.981#352.349
928,губу,губа,NOUN,_,Animacy=Inan|Case=Acc|Gender=Fem|Number=Sing,_,_,_,@vev1984f-word#@vev1984f#352.349#352.717
929,и,и,CCONJ,_,_,_,_,_,@vev1984f-word#@vev1984f#352.717#353.085
930,думаешь,думать,VERB,_,Aspect=Imp|Mood=Ind|Number=Sing|Person=2|Tense=Pres|VerbForm=Fin|Voice=Act,_,_,_,@vev1984f-word#@vev1984f#353.085#353.453
931,блин,блин,NOUN,_,Animacy=Inan|Case=Nom|Gender=Masc|Number=Sing,_,_,_,@vev1984f-word#@vev1984f#353.453#353.832
932,это,это,PRON,_,Animacy=Inan|Case=Nom|Gender=Neut|Number=Sing,_,_,_,@vev1984f-word#@vev1984f#354.487#354.79
933,неприятно,неприятный,ADJ,_,Degree=Pos|Gender=Neut|Number=Sing|Variant=Short,_,_,_,@vev1984f-word#@vev1984f#354.79#355.093
934,очень,очень,ADV,_,Degree=Pos,_,_,_,@vev1984f-word#@vev1984f#355.093#355.396
935,сильно,сильно,ADV,_,Degree=Pos,_,_,_,@vev1984f-word#@vev1984f#355.396#355.699
936,/,/,PUNCT,_,_,_,_,_,@vev1984f-word#@vev1984f#355.699#356.002
937,и,и,CCONJ,_,_,_,_,_,@vev1984f-word#@vev1984f#356.002#356.305
938,неприятно,неприятный,ADJ,_,Degree=Pos|Gender=Neut|Number=Sing|Variant=Short,_,_,_,@vev1984f-word#@vev1984f#356.305#356.608
939,еще,еще,ADV,_,Degree=Pos,_,_,_,@vev1984f-word#@vev1984f#356.608#356.911
940,то,то,PRON,_,_,_,_,_,@vev1984f-word#@vev1984f#356.911#357.214
941,что,что,SCONJ,_,_,_,_,_,@vev1984f-word#@vev1984f#357.214#357.517
942,идет,идти,VERB,_,Aspect=Imp|Mood=Ind|Number=Sing|Person=3|Tense=Pres|VerbForm=Fin|Voice=Act,_,_,_,@vev1984f-word#@vev1984f#357.517#357.82
943,знаешь,знать,VERB,_,Aspect=Imp|Mood=Ind|Number=Sing|Person=2|Tense=Pres|VerbForm=Fin|Voice=Act,_,_,_,@vev1984f-word#@vev1984f#357.82#358.123
944,такая,такой,DET,_,Case=Nom|Gender=Fem|Number=Sing,_,_,_,@vev1984f-word#@vev1984f#358.123#358.426
945,массовая,массовый,ADJ,_,Case=Nom|Degree=Pos|Gender=Fem|Number=Sing,_,_,_,@vev1984f-word#@vev1984f#358.426#358.729
946,истерия,истерия,NOUN,_,Animacy=Inan|Case=Nom|Gender=Fem|Number=Sing,_,_,_,@vev1984f-word#@vev1984f#358.729#359.032
947,то,то,PRON,_,Animacy=Inan|Case=Nom|Gender=Neut|Number=Sing,_,_,_,@vev1984f-word#@vev1984f#359.032#359.335
948,есть,быть,VERB,_,Aspect=Imp|Mood=Ind|Number=Sing|Person=3|Tense=Pres|VerbForm=Fin|Voice=Act,_,_,_,@vev1984f-word#@vev1984f#359.335#359.638
949,это,это,PRON,_,Animacy=Inan|Case=Nom|Gender=Neut|Number=Sing,_,_,_,@vev1984f-word#@vev1984f#359.638#359.941
950,как,как,ADV,_,Degree=Pos,_,_,_,@vev1984f-word#@vev1984f#359.941#360.244
951,это,это,PRON,_,Animacy=Inan|Case=Nom|Gender=Neut|Number=Sing,_,_,_,@vev1984f-word#@vev1984f#360.244#360.547
952,как,как,ADV,_,Degree=Pos,_,_,_,@vev1984f-word#@vev1984f#360.547#360.85
953,снежный,снежный,ADJ,_,Case=Nom|Degree=Pos|Gender=Masc|Number=Sing,_,_,_,@vev1984f-word#@vev1984f#360.85#361.153
954,ком,ком,NOUN,_,Animacy=Inan|Case=Nom|Gender=Masc|Number=Sing,_,_,_,@vev1984f-word#@vev1984f#361.153#361.456
955,вот,вот,PART,_,_,_,_,_,@vev1984f-word#@vev1984f#361.456#361.759
956,так,так,ADV,_,Degree=Pos,_,_,_,@vev1984f-word#@vev1984f#361.759#362.062
957,вот,вот,PART,_,_,_,_,_,@vev1984f-word#@vev1984f#362.062#362.365
958,накручивается,накручивать,VERB,_,Aspect=Imp|Mood=Ind|Number=Sing|Person=3|Tense=Pres|VerbForm=Fin|Voice=Pass,_,_,_,@vev1984f-word#@vev1984f#362.365#362.668
959,и,и,CCONJ,_,_,_,_,_,@vev1984f-word#@vev1984f#362.668#362.971
960,ты,ты,PRON,_,Case=Nom|Number=Sing|Person=2,_,_,_,@vev1984f-word#@vev1984f#362.971#363.274
961,понимаешь,понимать,VERB,_,Aspect=Imp|Mood=Ind|Number=Sing|Person=2|Tense=Pres|VerbForm=Fin|Voice=Act,_,_,_,@vev1984f-word#@vev1984f#363.274#363.577
962,что,что,SCONJ,_,_,_,_,_,@vev1984f-word#@vev1984f#363.577#363.88
963,господи,господи,NOUN,_,Animacy=anim|Case=Nom|Gender=masc|Number=sing,_,_,_,@vev1984f-word#@vev1984f#363.88#364.183
964,люди, люди,NOUN,_,Animacy=Anim|Case=Nom|Number=Plur,_,_,_,@vev1984f-word#@vev1984f#364.183#364.486
965,опомнитесь,опомниться,VERB,_,Aspect=Imp|Mood=Imp|Number=Plur|Person=2|Tense=Pres|VerbForm=Fin|Voice=act,_,_,_,@vev1984f-word#@vev1984f#364.486#364.789
966,что,что,PRON,_,Case=Acc,_,_,_,@vev1984f-word#@vev1984f#364.789#365.092
967,вы,вы,PRON,_,Case=Nom|Number=Plur|Person=2,_,_,_,@vev1984f-word#@vev1984f#365.092#365.395
968,делаете,делать,VERB,_,Aspect=Imp|Mood=Ind|Number=Plur|Person=2|Tense=Pres|VerbForm=Fin|Voice=Act,_,_,_,@vev1984f-word#@vev1984f#365.395#365.698
969,это,это,PRON,_,Animacy=Inan|Case=Acc|Gender=Neut|Number=Sing,_,_,_,@vev1984f-word#@vev1984f#365.698#366.001
970,кажется,казаться,VERB,_,Aspect=Imp|Mood=Ind|Number=Sing|Person=3|Tense=Pres|VerbForm=Fin|Voice=poss,_,_,_,@vev1984f-word#@vev1984f#366.001#366.304
971,что,что,SCONJ,_,_,_,_,_,@vev1984f-word#@vev1984f#366.304#366.607
972,ну,ну,INTJ,_,_,_,_,_,@vev1984f-word#@vev1984f#366.607#366.91
973,этого,это,PRON,_,Animacy=Inan|Case=Gen|Gender=Neut|Number=Sing,_,_,_,@vev1984f-word#@vev1984f#366.91#367.213
974,как,как,ADV,_,Degree=Pos,_,_,_,@vev1984f-word#@vev1984f#367.213#367.516
975,бы,бы,PART,_,_,_,_,_,@vev1984f-word#@vev1984f#367.516#367.819
976,не,не,PART,_,_,_,_,_,@vev1984f-word#@vev1984f#367.819#368.122
977,может,мочь,VERB,_,Aspect=Imp|Mood=Ind|Number=Sing|Person=3|Tense=Pres|VerbForm=Fin|Voice=Act,_,_,_,@vev1984f-word#@vev1984f#368.122#368.425
978,быть,быть,VERB,_,Aspect=Imp|VerbForm=Inf|Voice=Act,_,_,_,@vev1984f-word#@vev1984f#368.425#368.728
979,ну,ну,PART,_,_,_,_,_,@vev1984f-word#@vev1984f#368.728#369.031
980,как,как,ADV,_,Degree=Pos,_,_,_,@vev1984f-word#@vev1984f#369.031#369.334
981,же,же,PART,_,_,_,_,_,@vev1984f-word#@vev1984f#369.334#369.637
982,так,так,ADV,_,Degree=Pos,_,_,_,@vev1984f-word#@vev1984f#369.637#369.94
983,и,и,PART,_,_,_,_,_,@vev1984f-word#@vev1984f#369.94#370.243
984,ты,ты,PRON,_,Case=Nom|Number=Sing|Person=2,_,_,_,@vev1984f-word#@vev1984f#370.243#370.546
985,пытаешься,пытаться,VERB,_,Aspect=Imp|Mood=Ind|Number=Sing|Person=2|Tense=Pres|VerbForm=Fin|Voice=Mid,_,_,_,@vev1984f-word#@vev1984f#370.546#370.849
986,достучаться,достучаться,VERB,_,Aspect=Perf|VerbForm=Inf|Voice=Mid,_,_,_,@vev1984f-word#@vev1984f#370.849#371.152
987,до,до,ADP,_,_,_,_,_,@vev1984f-word#@vev1984f#371.152#371.455
988,людей,люди,NOUN,_,Animacy=Anim|Case=Gen|Number=Plur,_,_,_,@vev1984f-word#@vev1984f#371.455#371.758
989,и,и,CCONJ,_,_,_,_,_,@vev1984f-word#@vev1984f#371.758#372.061
990,им,они,PRON,_,Case=Dat|Number=Plur|Person=3,_,_,_,@vev1984f-word#@vev1984f#372.061#372.364
991,что-то,что-то,PRON,_,Case=Acc,_,_,_,@vev1984f-word#@vev1984f#372.364#372.667
992,объяснить,объяснить,VERB,_,Aspect=Perf|VerbForm=Inf|Voice=Act,_,_,_,@vev1984f-word#@vev1984f#372.667#372.97
993,понимаешь,понимать,VERB,_,Aspect=Imp|Mood=Ind|Number=Sing|Person=2|Tense=Pres|VerbForm=Fin|Voice=Act,_,_,_,@vev1984f-word#@vev1984f#372.97#373.273
994,что,что,SCONJ,_,_,_,_,_,@vev1984f-word#@vev1984f#373.273#373.576
995,это,это,PRON,_,Animacy=Inan|Case=Nom|Gender=Neut|Number=Sing,_,_,_,@vev1984f-word#@vev1984f#373.576#373.879
996,совершенно,совершенно,ADV,_,Degree=Pos,_,_,_,@vev1984f-word#@vev1984f#373.879#374.182
997,бесполезно,бесполезный,ADJ,_,Degree=Pos|Gender=Neut|Number=Sing|Variant=Short,_,_,_,@vev1984f-word#@vev1984f#374.182#374.485
998,только,только,ADV,_,_,_,_,_,@vev1984f-word#@vev1984f#374.485#374.788
999,хуже,плохо,ADV,_,Degree=Cmp,_,_,_,@vev1984f-word#@vev1984f#374.788#375.091
1000,становится,становиться,VERB,_,Aspect=Imp|Mood=Ind|Number=Sing|Person=3|Tense=Pres|VerbForm=Fin|Voice=Act,_,_,_,@vev1984f-word#@vev1984f#375.091#375.394
1001,потому,потому,ADV,_,Degree=Pos,_,_,_,@vev1984f-word#@vev1984f#375.394#375.697
1002,что,что,SCONJ,_,_,_,_,_,@vev1984f-word#@vev1984f#375.697#376.0
1003,каждое,каждый,DET,_,Case=Nom|Gender=Neut|Number=Sing,_,_,_,@vev1984f-word#@vev1984f#376.0#376.303
1004,твое,твой,DET,_,Case=Nom|Gender=Neut|Number=Sing,_,_,_,@vev1984f-word#@vev1984f#376.303#376.606
1005,слово,слово,NOUN,_,Animacy=Inan|Case=Nom|Gender=Neut|Number=Sing,_,_,_,@vev1984f-word#@vev1984f#376.606#376.909
1006,переварачивается,переварачиваться,VERB,_,Aspect=Imp|Mood=Ind|Number=Sing|Person=3|Tense=Pres|VerbForm=Fin|Voice=Pass,_,_,_,@vev1984f-word#@vev1984f#376.909#377.212
1007,каждая,каждый,DET,_,Case=Nom|Gender=Fem|Number=Sing,_,_,_,@vev1984f-word#@vev1984f#377.212#377.515
1008,твоя,твой,DET,_,Case=Nom|Gender=Fem|Number=Sing,_,_,_,@vev1984f-word#@vev1984f#377.515#377.818
1009,фраза,фраза,NOUN,_,Animacy=Inan|Case=Nom|Gender=Fem|Number=Sing,_,_,_,@vev1984f-word#@vev1984f#377.818#378.121
1010,перевора...,переворачивать,VERB,_,Aspect=imp|Gender=Fem|Mood=Ind|Number=Sing|Tense=Past|VerbForm=Fin|Voice=Act,_,_,_,@vev1984f-word#@vev1984f#378.121#378.424
1011,и,и,CCONJ,_,_,_,_,_,@vev1984f-word#@vev1984f#378.424#378.727
1012,все,все,PRON,_,Animacy=Inan|Case=Nom|Gender=Neut|Number=Sing,_,_,_,@vev1984f-word#@vev1984f#378.727#379.071
1013,и,и,CCONJ,_,_,_,_,_,@vev1984f-word#@vev1984f#379.853#380.245
1014,я,я,PRON,_,Case=Nom|Number=Sing|Person=1,_,_,_,@vev1984f-word#@vev1984f#380.245#380.637
1015,уже,уже,ADV,_,Degree=Pos,_,_,_,@vev1984f-word#@vev1984f#380.637#381.029
1016,просто,просто,ADV,_,_,_,_,_,@vev1984f-word#@vev1984f#381.029#381.421
1017,заняла,занять,VERB,_,Aspect=Perf|Gender=Fem|Mood=Ind|Number=Sing|Tense=Past|VerbForm=Fin|Voice=Act,_,_,_,@vev1984f-word#@vev1984f#381.421#381.813
1018,позицию,позиция,NOUN,_,Animacy=Inan|Case=Acc|Gender=Fem|Number=Sing,_,_,_,@vev1984f-word#@vev1984f#381.813#382.205
1019,наблюдателя,наблюдатель,NOUN,_,Animacy=Anim|Case=Gen|Gender=Masc|Number=Sing,_,_,_,@vev1984f-word#@vev1984f#382.205#382.599
1020,бесстрашного,бесстрашный,ADJ,_,Case=Gen|Degree=Pos|Gender=Masc|Number=Sing,_,_,_,@vev1984f-word#@vev1984f#383.599#384.232
1021,но,но,CCONJ,_,_,_,_,_,@vev1984f-word#@vev1984f#384.985#385.292
1022,если...,если,SCONJ,_,_,_,_,_,@vev1984f-word#@vev1984f#385.292#385.599
1023,вдруг,вдруг,ADV,_,Degree=Pos,_,_,_,@vev1984f-word#@vev1984f#386.822#387.116
1024,из-за,из-за,ADP,_,_,_,_,_,@vev1984f-word#@vev1984f#387.116#387.41
1025,этой,этот,DET,_,Case=Gen|Gender=Fem|Number=Sing,_,_,_,@vev1984f-word#@vev1984f#387.41#387.704
1026,ситуации,ситуация,NOUN,_,Animacy=Inan|Case=Gen|Gender=Fem|Number=Sing,_,_,_,@vev1984f-word#@vev1984f#387.704#387.998
1027,бы,бы,PART,_,_,_,_,_,@vev1984f-word#@vev1984f#387.998#388.292
1028,мог,мочь,VERB,_,Aspect=Imp|Gender=Masc|Mood=Ind|Number=Sing|Tense=Past|VerbForm=Fin|Voice=Act,_,_,_,@vev1984f-word#@vev1984f#388.292#388.586
1029,кто-то,кто-то,PRON,_,Case=Nom,_,_,_,@vev1984f-word#@vev1984f#388.586#388.88
1030,пострадать,пострадать,VERB,_,Aspect=Perf|VerbForm=Inf|Voice=Act,_,_,_,@vev1984f-word#@vev1984f#388.88#389.174
1031,это,это,PRON,_,Animacy=Inan|Case=Nom|Gender=Neut|Number=Sing,_,_,_,@vev1984f-word#@vev1984f#389.174#389.468
1032,было,быть,VERB,_,Aspect=Imp|Gender=Neut|Mood=Ind|Number=Sing|Tense=Past|VerbForm=Fin|Voice=Act,_,_,_,@vev1984f-word#@vev1984f#389.468#389.762
1033,бы,бы,PART,_,_,_,_,_,@vev1984f-word#@vev1984f#389.762#390.056
1034,сильно,сильно,ADV,_,Degree=Pos,_,_,_,@vev1984f-word#@vev1984f#390.056#390.35
1035,неприятно,неприятный,ADJ,_,Degree=Pos|Gender=Neut|Number=Sing|Variant=Short,_,_,_,@vev1984f-word#@vev1984f#390.35#390.644
